#
# A fatal error has been detected by the Java Runtime Environment:
#
#  EXCEPTION_ACCESS_VIOLATION (0xc0000005) at pc=0x0000020998d38568, pid=13556, tid=22740
#
# JRE version: OpenJDK Runtime Environment Microsoft-13945457 (25.0.3+9) (build 25.0.3+9-LTS)
# Java VM: OpenJDK 64-Bit Server VM Microsoft-13945457 (25.0.3+9-LTS, mixed mode, sharing, tiered, compressed oops, compressed class ptrs, g1 gc, windows-aarch64)
# Problematic frame:
# J 28654 c2 java.util.HashMap.putMapEntries(Ljava/util/Map;Z)V java.base@25.0.3 (170 bytes) @ 0x0000020998d38568 [0x0000020998d38100+0x0000000000000468]
#
# No core dump will be written. Minidumps are not enabled by default on client versions of Windows
#
# If you would like to submit a bug report, please visit:
#   https://github.com/microsoft/openjdk/issues
#

---------------  S U M M A R Y ------------

Command Line: --add-opens=java.base/java.lang=ALL-UNNAMED --add-opens=java.base/java.lang.invoke=ALL-UNNAMED --add-opens=java.base/java.util=ALL-UNNAMED --add-opens=java.prefs/java.util.prefs=ALL-UNNAMED --add-exports=jdk.compiler/com.sun.tools.javac.api=ALL-UNNAMED --add-exports=jdk.compiler/com.sun.tools.javac.util=ALL-UNNAMED --add-opens=java.base/java.util=ALL-UNNAMED --add-opens=java.prefs/java.util.prefs=ALL-UNNAMED --add-opens=java.base/java.nio.charset=ALL-UNNAMED --add-opens=java.base/java.net=ALL-UNNAMED --add-opens=java.base/java.util.concurrent=ALL-UNNAMED --add-opens=java.base/java.util.concurrent.atomic=ALL-UNNAMED --add-opens=java.xml/javax.xml.namespace=ALL-UNNAMED --add-opens=java.base/java.time=ALL-UNNAMED --enable-native-access=ALL-UNNAMED -XX:MaxMetaspaceSize=2048m -Xmx12288M -Dfile.encoding=UTF-8 -Duser.country=GB -Duser.language=en -Duser.variant -javaagent:C:\Users\M7 Surface\.gradle\wrapper\dists\gradle-9.4.1-bin\arn2x92ynaizyzdaamcbpbhtj\gradle-9.4.1\lib\agents\gradle-instrumentation-agent-9.4.1.jar org.gradle.launcher.daemon.bootstrap.GradleDaemon 9.4.1

Host: Snapdragon(R) X 10-core X1P64100 @ 3.40 GHz, 10 cores, 15G,  Windows 11 , 64 bit Build 26100 (10.0.26100.8875)
Time: Tue Jul 28 19:20:23 2026 GMT Summer Time elapsed time: 266.776837 seconds (0d 0h 4m 26s)

---------------  T H R E A D  ---------------

Current thread (0x00000209bd1dcd70):  JavaThread "WorkerExecutor Queue Thread 10"        [_thread_in_Java, id=22740, stack(0x0000009048300000,0x0000009048400000) (1024K)]

Stack: [0x0000009048300000,0x0000009048400000],  sp=0x00000090483fde10,  free space=1015k
Native frames: (J=compiled Java code, j=interpreted, Vv=VM code, C=native code)
C  0x0000020998d38568  (no source info available)

The last pc belongs to nmethod (printed below).

siginfo: EXCEPTION_ACCESS_VIOLATION (0xc0000005), reading address 0x000000000080d888


Registers:
X0 =0x0000000644dc7230, X1 =0x000000060d9d69f0, X2 =0x000000060efe58b0, X3 =0x0000000000000001
X4 =0x00001c00002b2760, X5 =0x0000000000000000, X6 =0x0000000000000000, X7 =0x0000020a0797ff60
X8 =0xfffffffffffffffe, X9 =0x0000000000000035, X10=0x00001c00002b2760, X11=0x00001c000018c1a8
X12=0x00001c00002b2b50, X13=0x00000000002b2760, X14=0x000000000080d880, X15=0x00001c00002b2960
X16=0x00001c000018c1a8, X17=0x00001c000018c1a8, X18=0x00007ff9d6110f60, X19=0x0000000000000000
, X20=0x0000000000000000, X21=0x0000020985751000, X22=0x0000020a0515cad1, X23=0x000000063119eb18
, X24=0x0000000000000000, X25=0x00000000000540af, X26=0x0000020a051896b8, X27=0x000000062eeba350, X28=0x00000209bd1dcd70


Register to memory mapping:

 X0=0x0000000644dc7230 is an oop: com.android.tools.r8.graph.a6 
{0x0000000644dc7230} - klass: 'com/android/tools/r8/graph/a6' - flags: 

 - ---- fields (total size 4 words):
 - public volatile 'b' 'I' @12  -1681183059 (0x9bcb2ead)
 - public final 'f' 'Lcom/android/tools/r8/graph/l6;' @16  a 'com/android/tools/r8/graph/l6'{0x0000000644dc09f8} (0xc89b813f)
 - public final 'g' 'Lcom/android/tools/r8/graph/k6;' @20  a 'com/android/tools/r8/graph/k6'{0x0000000644dc4308} (0xc89b8861)
 - public final 'i' 'Lcom/android/tools/r8/graph/h6;' @24  a 'com/android/tools/r8/graph/h6'{0x0000000644dc71e8} (0xc89b8e3d)
 X1=0x000000060d9d69f0 is an oop: java.util.concurrent.ConcurrentHashMap$MapEntry 
{0x000000060d9d69f0} - klass: 'java/util/concurrent/ConcurrentHashMap$MapEntry' - flags: 

 - ---- fields (total size 3 words):
 - final 'key' 'Ljava/lang/Object;' @12  
[error occurred during error reporting (printing register info), id 0xc0000005, EXCEPTION_ACCESS_VIOLATION (0xc0000005) at pc=0x00007ff9d5afbe7c]
 X2=0x000000060efe58b0 is an oop: java.util.concurrent.ConcurrentHashMap$EntryIterator 
{0x000000060efe58b0} - klass: 'java/util/concurrent/ConcurrentHashMap$EntryIterator' - flags: 

 - ---- fields (total size 7 words):
 - 'index' 'I' @12  243047 (0x0003b567)
 - 'baseIndex' 'I' @16  243047 (0x0003b567)
 - 'baseLimit' 'I' @20  524288 (0x00080000)
 - final 'baseSize' 'I' @24  524288 (0x00080000)
 - 'tab' '[Ljava/util/concurrent/ConcurrentHashMap$Node;' @28  a 'java/util/concurrent/ConcurrentHashMap$Node'[524288] {0x000000063119eb18} (0xc6233d63)
 - 'next' 'Ljava/util/concurrent/ConcurrentHashMap$Node;' @32  a 'java/util/concurrent/ConcurrentHashMap$Node'{0x0000000634426270} (0xc6884c4e)
 - 'stack' 'Ljava/util/concurrent/ConcurrentHashMap$TableStack;' @36  null (0x00000000)
 - 'spare' 'Ljava/util/concurrent/ConcurrentHashMap$TableStack;' @40  null (0x00000000)
 - final 'map' 'Ljava/util/concurrent/ConcurrentHashMap;' @44  a 'java/util/concurrent/ConcurrentHashMap'{0x00000006749bd418} (0xce937a83)
 - 'lastReturned' 'Ljava/util/concurrent/ConcurrentHashMap$Node;' @48  a 'java/util/concurrent/ConcurrentHashMap$Node'{0x000000063be32930} (0xc77c6526)
 X3=0x0000000000000001 is an unknown value
 X4=0x00001c00002b2760 is a pointer to class: 
java.util.concurrent.ConcurrentHashMap$MapEntry {0x00001c00002b2768}
 - instance size:     3
 - klass size:        74
 - access:            final synchronized 
 - flags:             rewritten has_nonstatic_fields defined_by_boot_loader has_localvariable_table 
 - state:             fully_initialized
 - name:              'java/util/concurrent/ConcurrentHashMap$MapEntry'
 - super:             'java/lang/Object'
 - sub:               
 - arrays:            null
 - methods:           Array<T>(0x00001c000095d080)
 - method ordering:   Array<T>(0x00001c00006d9580)
 - local interfaces:  Array<T>(0x00001c000095cbd0)
 - trans. interfaces: Array<T>(0x00001c000095cbd0)
 - secondary supers: Array<T>(0x00001c000095cbd0)
 - hash_slot:         54
 - secondary bitmap: 0x0000000800000000
 - constants:         constant pool [89] {0x00001c000095ccc0} for 'java/util/concurrent/ConcurrentHashMap$MapEntry' cache=0x00001c00002b2a08
 - class loader data:  loader data: 0x00000209866fde60 of 'bootstrap'
 - source file:       'ConcurrentHashMap.java'
 - generic signature: '<K:Ljava/lang/Object;V:Ljava/lang/Object;>Ljava/lang/Object;Ljava/util/Map$Entry<TK;TV;>;'
 - inner classes:     Array<T>(0x00001c00006d9550)
 - nest members:     Array<T>(0x00001c000069fbf8)
 - permitted subclasses:     Array<T>(0x00001c000069fbf8)
 - java mirror:       a 'java/lang/Class'{0x0000000501f85df0} = 'java/util/concurrent/ConcurrentHashMap$MapEntry'
 - vtable length      5  (start addr: 0x00001c00002b2938)
 - itable length      9 (start addr: 0x00001c00002b2960)
 - ---- static fields (0 words):
 - ---- non-static fields (3 words):
 - final 'key' 'Ljava/lang/Object;' @12 
 - 'val' 'Ljava/lang/Object;' @16 
 - final 'map' 'Ljava/util/concurrent/ConcurrentHashMap;' @20 
 - non-static oop maps (1 entries): 12-20 
 X5=0x0 is null
 X6=0x0 is null
 X7=0x0000020a0797ff60 is pointing into metadata
 X8=0xfffffffffffffffe is an unknown value
 X9=0x0000000000000035 is an unknown value
X10=0x00001c00002b2760 is a pointer to class: 
java.util.concurrent.ConcurrentHashMap$MapEntry {0x00001c00002b2768}
 - instance size:     3
 - klass size:        74
 - access:            final synchronized 
 - flags:             rewritten has_nonstatic_fields defined_by_boot_loader has_localvariable_table 
 - state:             fully_initialized
 - name:              'java/util/concurrent/ConcurrentHashMap$MapEntry'
 - super:             'java/lang/Object'
 - sub:               
 - arrays:            null
 - methods:           Array<T>(0x00001c000095d080)
 - method ordering:   Array<T>(0x00001c00006d9580)
 - local interfaces:  Array<T>(0x00001c000095cbd0)
 - trans. interfaces: Array<T>(0x00001c000095cbd0)
 - secondary supers: Array<T>(0x00001c000095cbd0)
 - hash_slot:         54
 - secondary bitmap: 0x0000000800000000
 - constants:         constant pool [89] {0x00001c000095ccc0} for 'java/util/concurrent/ConcurrentHashMap$MapEntry' cache=0x00001c00002b2a08
 - class loader data:  loader data: 0x00000209866fde60 of 'bootstrap'
 - source file:       'ConcurrentHashMap.java'
 - generic signature: '<K:Ljava/lang/Object;V:Ljava/lang/Object;>Ljava/lang/Object;Ljava/util/Map$Entry<TK;TV;>;'
 - inner classes:     Array<T>(0x00001c00006d9550)
 - nest members:     Array<T>(0x00001c000069fbf8)
 - permitted subclasses:     Array<T>(0x00001c000069fbf8)
 - java mirror:       a 'java/lang/Class'{0x0000000501f85df0} = 'java/util/concurrent/ConcurrentHashMap$MapEntry'
 - vtable length      5  (start addr: 0x00001c00002b2938)
 - itable length      9 (start addr: 0x00001c00002b2960)
 - ---- static fields (0 words):
 - ---- non-static fields (3 words):
 - final 'key' 'Ljava/lang/Object;' @12 
 - 'val' 'Ljava/lang/Object;' @16 
 - final 'map' 'Ljava/util/concurrent/ConcurrentHashMap;' @20 
 - non-static oop maps (1 entries): 12-20 
X11=0x00001c000018c1a8 is a pointer to class: 
java.util.Map$Entry {0x00001c000018c1b0}
 - instance size:     2
 - klass size:        65
 - access:            public interface abstract 
 - flags:             rewritten defined_by_boot_loader has_localvariable_table has_resolved_methods 
 - state:             fully_initialized
 - name:              'java/util/Map$Entry'
 - super:             'java/lang/Object'
 - sub:               
 - nof implementors:  2
 - arrays:            'java/util/Map$Entry'[]
 - methods:           Array<T>(0x00001c0000744fb0)
 - method ordering:   Array<T>(0x00001c00006a09c8)
 - local interfaces:  Array<T>(0x00001c000069fc00)
 - trans. interfaces: Array<T>(0x00001c000069fc00)
 - secondary supers: Array<T>(0x00001c000069fbe8)
 - hash_slot:         35
 - secondary bitmap: 0x0000000000000000
 - constants:         constant pool [178]/operands[36] {0x00001c00007449e0} for 'java/util/Map$Entry' cache=0x00001c00004a8610
 - class loader data:  loader data: 0x00000209866fde60 of 'bootstrap'
 - source file:       'Map.java'
 - generic signature: '<K:Ljava/lang/Object;V:Ljava/lang/Object;>Ljava/lang/Object;'
 - inner classes:     Array<T>(0x00001c00006a09a8)
 - nest members:     Array<T>(0x00001c000069fbf8)
 - permitted subclasses:     Array<T>(0x00001c000069fbf8)
 - java mirror:       a 'java/lang/Class'{0x00000005010d3e08} = 'java/util/Map$Entry'
 - vtable length      5  (start addr: 0x00001c000018c380)
 - itable length      0 (start addr: 0x00001c000018c3a8)
 - ---- static fields (0 words):
 - ---- non-static fields (0 words):
 - non-static oop maps (0 entries): 
X12={method} {0x00001c00002b2b58} 'getValue' '()Ljava/lang/Object;' in 'java/util/concurrent/ConcurrentHashMap$MapEntry'
X13=2828128 is a compressed pointer to class: 0x00001c00002b2760
java.util.concurrent.ConcurrentHashMap$MapEntry {0x00001c00002b2768}
 - instance size:     3
 - klass size:        74
 - access:            final synchronized 
 - flags:             rewritten has_nonstatic_fields defined_by_boot_loader has_localvariable_table 
 - state:             fully_initialized
 - name:              'java/util/concurrent/ConcurrentHashMap$MapEntry'
 - super:             'java/lang/Object'
 - sub:               
 - arrays:            null
 - methods:           Array<T>(0x00001c000095d080)
 - method ordering:   Array<T>(0x00001c00006d9580)
 - local interfaces:  Array<T>(0x00001c000095cbd0)
 - trans. interfaces: Array<T>(0x00001c000095cbd0)
 - secondary supers: Array<T>(0x00001c000095cbd0)
 - hash_slot:         54
 - secondary bitmap: 0x0000000800000000
 - constants:         constant pool [89] {0x00001c000095ccc0} for 'java/util/concurrent/ConcurrentHashMap$MapEntry' cache=0x00001c00002b2a08
 - class loader data:  loader data: 0x00000209866fde60 of 'bootstrap'
 - source file:       'ConcurrentHashMap.java'
 - generic signature: '<K:Ljava/lang/Object;V:Ljava/lang/Object;>Ljava/lang/Object;Ljava/util/Map$Entry<TK;TV;>;'
 - inner classes:     Array<T>(0x00001c00006d9550)
 - nest members:     Array<T>(0x00001c000069fbf8)
 - permitted subclasses:     Array<T>(0x00001c000069fbf8)
 - java mirror:       a 'java/lang/Class'{0x0000000501f85df0} = 'java/util/concurrent/ConcurrentHashMap$MapEntry'
 - vtable length      5  (start addr: 0x00001c00002b2938)
 - itable length      9 (start addr: 0x00001c00002b2960)
 - ---- static fields (0 words):
 - ---- non-static fields (3 words):
 - final 'key' 'Ljava/lang/Object;' @12 
 - 'val' 'Ljava/lang/Object;' @16 
 - final 'map' 'Ljava/util/concurrent/ConcurrentHashMap;' @20 
 - non-static oop maps (1 entries): 12-20 
X14=0x000000000080d880 is an unknown value
X15=0x00001c00002b2960 is pointing into metadata
X16=0x00001c000018c1a8 is a pointer to class: 
java.util.Map$Entry {0x00001c000018c1b0}
 - instance size:     2
 - klass size:        65
 - access:            public interface abstract 
 - flags:             rewritten defined_by_boot_loader has_localvariable_table has_resolved_methods 
 - state:             fully_initialized
 - name:              'java/util/Map$Entry'
 - super:             'java/lang/Object'
 - sub:               
 - nof implementors:  2
 - arrays:            'java/util/Map$Entry'[]
 - methods:           Array<T>(0x00001c0000744fb0)
 - method ordering:   Array<T>(0x00001c00006a09c8)
 - local interfaces:  Array<T>(0x00001c000069fc00)
 - trans. interfaces: Array<T>(0x00001c000069fc00)
 - secondary supers: Array<T>(0x00001c000069fbe8)
 - hash_slot:         35
 - secondary bitmap: 0x0000000000000000
 - constants:         constant pool [178]/operands[36] {0x00001c00007449e0} for 'java/util/Map$Entry' cache=0x00001c00004a8610
 - class loader data:  loader data: 0x00000209866fde60 of 'bootstrap'
 - source file:       'Map.java'
 - generic signature: '<K:Ljava/lang/Object;V:Ljava/lang/Object;>Ljava/lang/Object;'
 - inner classes:     Array<T>(0x00001c00006a09a8)
 - nest members:     Array<T>(0x00001c000069fbf8)
 - permitted subclasses:     Array<T>(0x00001c000069fbf8)
 - java mirror:       a 'java/lang/Class'{0x00000005010d3e08} = 'java/util/Map$Entry'
 - vtable length      5  (start addr: 0x00001c000018c380)
 - itable length      0 (start addr: 0x00001c000018c3a8)
 - ---- static fields (0 words):
 - ---- non-static fields (0 words):
 - non-static oop maps (0 entries): 
X17=0x00001c000018c1a8 is a pointer to class: 
java.util.Map$Entry {0x00001c000018c1b0}
 - instance size:     2
 - klass size:        65
 - access:            public interface abstract 
 - flags:             rewritten defined_by_boot_loader has_localvariable_table has_resolved_methods 
 - state:             fully_initialized
 - name:              'java/util/Map$Entry'
 - super:             'java/lang/Object'
 - sub:               
 - nof implementors:  2
 - arrays:            'java/util/Map$Entry'[]
 - methods:           Array<T>(0x00001c0000744fb0)
 - method ordering:   Array<T>(0x00001c00006a09c8)
 - local interfaces:  Array<T>(0x00001c000069fc00)
 - trans. interfaces: Array<T>(0x00001c000069fc00)
 - secondary supers: Array<T>(0x00001c000069fbe8)
 - hash_slot:         35
 - secondary bitmap: 0x0000000000000000
 - constants:         constant pool [178]/operands[36] {0x00001c00007449e0} for 'java/util/Map$Entry' cache=0x00001c00004a8610
 - class loader data:  loader data: 0x00000209866fde60 of 'bootstrap'
 - source file:       'Map.java'
 - generic signature: '<K:Ljava/lang/Object;V:Ljava/lang/Object;>Ljava/lang/Object;'
 - inner classes:     Array<T>(0x00001c00006a09a8)
 - nest members:     Array<T>(0x00001c000069fbf8)
 - permitted subclasses:     Array<T>(0x00001c000069fbf8)
 - java mirror:       a 'java/lang/Class'{0x00000005010d3e08} = 'java/util/Map$Entry'
 - vtable length      5  (start addr: 0x00001c000018c380)
 - itable length      0 (start addr: 0x00001c000018c3a8)
 - ---- static fields (0 words):
 - ---- non-static fields (0 words):
 - non-static oop maps (0 entries): 
X18=0x00007ff9d6110f60 jvm.dll
X19=0x0 is null
X20=0x0 is null
X21=0x0000020985751000 points into unknown readable memory: 0x0000000000000000 | 00 00 00 00 00 00 00 00
X22=0x0000020a0515cad1 is pointing into metadata
X23=0x000000063119eb18 is an oop: [Ljava.util.concurrent.ConcurrentHashMap$Node; 
{0x000000063119eb18} - klass: 'java/util/concurrent/ConcurrentHashMap$Node'[] - flags: is_cloneable_fast 

 - length: 524288
X24=0x0 is null
X25=0x00000000000540af is an unknown value
X26=0x0000020a051896b8 is pointing into metadata
X27=0x000000062eeba350 is an oop: com.android.tools.r8.graph.a6 
{0x000000062eeba350} - klass: 'com/android/tools/r8/graph/a6' - flags: 

 - ---- fields (total size 4 words):
 - public volatile 'b' 'I' @12  1735731162 (0x677527da)
 - public final 'f' 'Lcom/android/tools/r8/graph/l6;' @16  a 'com/android/tools/r8/graph/y1'{0x000000062ecae7c8} (0xc5d95cf9)
 - public final 'g' 'Lcom/android/tools/r8/graph/k6;' @20  a 'com/android/tools/r8/graph/k6'{0x00000006749bf858} (0xce937f0b)
 - public final 'i' 'Lcom/android/tools/r8/graph/h6;' @24  a 'com/android/tools/r8/graph/h6'{0x00000006749d5e98} (0xce93abd3)
X28=0x00000209bd1dcd70 is a thread

Top of Stack: (sp=0x00000090483fde10)
0x00000090483fde10:   00000006749bd458 000000000080d880   X..t............
0x00000090483fde20:   00000006749bd458 000000060e000000   X..t............
0x00000090483fde30:   000000060003b563 0000000644dc7230   c.......0r.D....
0x00000090483fde40:   0020085800000001 000000060efe58b0   ....X. ..X......
0x00000090483fde50:   fffffffffffffff6 0000020a053f5a9a   .........Z?.....
0x00000090483fde60:   0000000000000003 0000020a053fd8c0   ..........?.....
0x00000090483fde70:   00000090483fdf70 00000209993b698c   p.?H.....i;.....
0x00000090483fde80:   0000000000000000 0000020a053f5aa8   .........Z?.....
0x00000090483fde90:   00000090483fdf70 0000020998384850   p.?H....PH8.....
0x00000090483fdea0:   00000090483fdf10 0000020998384850   ..?H....PH8.....
0x00000090483fdeb0:   000000053dbcfb08 00000006749bd1e8   ...=.......t....
0x00000090483fdec0:   00000006749bd228 00000006749bd258   (..t....X..t....
0x00000090483fded0:   00000006749bd298 00000006749bd2c8   ...t.......t....
0x00000090483fdee0:   00000006749bd308 00000006749bd338   ...t....8..t....
0x00000090483fdef0:   00000006749bd378 00000006749bd3a8   x..t.......t....
0x00000090483fdf00:   00000006749bd3e8 00000006749bd418   ...t.......t....
0x00000090483fdf10:   00000006749bd458 00000006749bd418   X..t.......t....
0x00000090483fdf20:   fffffffffffffff6 0000020a0515cad1   ................
0x00000090483fdf30:   0000000000000003 0000020a051896b8   ................
0x00000090483fdf40:   00000005148b39e8 ffffffffffffffe6   .9..............
0x00000090483fdf50:   0000000000000000 0000020a0515caf0   ................
0x00000090483fdf60:   fffffffffffffff3 00000090483fdf50   ........P.?H....
0x00000090483fdf70:   00000090483fdfe0 0000020998384850   ..?H....PH8.....
0x00000090483fdf80:   000000051482cfc8 00000006749bd458   ........X..t....
0x00000090483fdf90:   fffffffffffffff6 0000020a053f6c6d   ........ml?.....
0x00000090483fdfa0:   0000000000000004 0000020a053fd8c0   ..........?.....
0x00000090483fdfb0:   000000051482d080 ffffffffffffffee   ................
0x00000090483fdfc0:   0000000000000000 0000020a053f6c78   ........xl?.....
0x00000090483fdfd0:   fffffffffffffff5 00000090483fdfc0   ..........?H....
0x00000090483fdfe0:   00000090483fe070 0000020998384850   p.?H....PH8.....
0x00000090483fdff0:   000000051482cfc8 00000006468dc960   ........`..F....
0x00000090483fe000:   00000006468c7858 00000006468dc990   Xx.F.......F....

Instructions: (pc=0x0000020998d38568)
  0x0000020998d38468:   cb 25 40 b9 ca b5 03 29 5f 01 0b 6b 4c 24 00 54
  0x0000020998d38478:   fd 03 0e aa e1 03 0e aa e2 33 40 b9 09 87 8f d2
  0x0000020998d38488:   09 a5 b7 f2 29 41 c0 f2 14 7c dd 97 1f 20 03 d5
  0x0000020998d38498:   9f 99 80 f2 1f 40 80 f2 ed 03 1d aa fd 03 0d aa
  0x0000020998d384a8:   e1 1f 40 f9 09 8c 8f d2 09 a5 b7 f2 29 41 c0 f2
  0x0000020998d384b8:   a8 7b dd 97 1f 20 03 d5 9f 9e 80 f2 1f 60 80 f2
  0x0000020998d384c8:   80 f3 ff 34 fd 03 00 f9 e1 1f 40 f9 09 91 8f d2
  0x0000020998d384d8:   09 a5 b7 f2 29 41 c0 f2 ca 7b dd 97 1f 20 03 d5
  0x0000020998d384e8:   9f a3 80 f2 1f 80 80 f2 ec 03 00 aa 0a 08 40 b9
  0x0000020998d384f8:   44 09 56 d2 8a 10 40 f9 0b 35 98 d2 0b 03 a0 f2
  0x0000020998d38508:   0b 80 c3 f2 5f 01 0b eb 01 13 00 54 fd 03 0c aa
  0x0000020998d38518:   e1 03 1d aa 09 96 8f d2 09 a5 b7 f2 29 41 c0 f2
  0x0000020998d38528:   78 7c dd 97 1f 20 03 d5 9f ac 80 f2 1f a0 80 f2
  0x0000020998d38538:   e0 07 00 f9 e1 03 1d aa 09 9b 8f d2 09 a5 b7 f2
  0x0000020998d38548:   29 41 c0 f2 3f 7b dd 97 1f 20 03 d5 1f b1 80 f2
  0x0000020998d38558:   1f c0 80 f2 ee 07 40 f9 e0 17 00 f9 0e 31 00 b4
=>0x0000020998d38568:   cb 09 40 b9 6a 09 56 d2 4a f9 40 f9 0b bd 86 d2
  0x0000020998d38578:   0b 03 a0 f2 0b 80 c3 f2 5f 01 0b eb 61 28 00 54
  0x0000020998d38588:   ca 01 40 f9 4b 05 40 92 7f 09 00 f1 e0 27 00 54
  0x0000020998d38598:   4a fd 4b d3 40 79 00 12 80 27 00 34 0a 40 40 4a
  0x0000020998d385a8:   ed 03 40 f9 ac 15 40 b9 80 f1 7d d3 00 11 00 b4
  0x0000020998d385b8:   0c 0c 40 b9 ac 33 00 34 8b 05 00 51 7d 01 0a 0a
  0x0000020998d385c8:   eb 03 00 aa 10 c8 3d 8b cc 31 00 34 0f 12 40 b9
  0x0000020998d385d8:   e1 f1 7d d3 01 09 00 b4 2c 0c 40 b9 9f 01 0a 6b
  0x0000020998d385e8:   41 06 00 54 2c 10 40 b9 82 f1 7d d3 5f 00 0e eb
  0x0000020998d385f8:   80 02 00 54 0e 2c 00 b4 cc 09 40 b9 0f 03 a0 d2
  0x0000020998d38608:   0f e3 8e f2 9f 01 0f 6b a1 1e 00 54 e1 13 00 f9
  0x0000020998d38618:   e1 03 0e aa ed 3b 00 a9 ea 13 00 b9 e0 0f 00 f9
  0x0000020998d38628:   fd 03 01 aa 9d 17 fe 97 1f 20 03 d5 1f cd 80 f2
  0x0000020998d38638:   1f e0 80 f2 e0 1e 00 34 ed 03 40 f9 e1 13 40 f9
  0x0000020998d38648:   e2 03 01 aa 4a 14 40 b9 4b 50 00 91 f0 17 40 f9
  0x0000020998d38658:   8f 23 41 39 ef 52 00 35 0c fe 43 d3 6c 01 00 b9


Stack slot to memory mapping:

stack at sp + 0 slots: 0x00000006749bd458 is an oop: java.util.HashMap 
{0x00000006749bd458} - klass: 'java/util/HashMap' - flags: is_cloneable_fast 

 - ---- fields (total size 6 words):
 - transient 'keySet' 'Ljava/util/Set;' @12  null (0x00000000)
 - transient 'values' 'Ljava/util/Collection;' @16  null (0x00000000)
 - transient 'table' '[Ljava/util/HashMap$Node;' @20  a 'java/util/HashMap$Node'[524288] {0x000000060e000000} (0xc1c00000)
 - transient 'entrySet' 'Ljava/util/Set;' @24  null (0x00000000)
 - transient 'size' 'I' @28  148953 (0x000245d9)
 - transient 'modCount' 'I' @32  148953 (0x000245d9)
 - 'threshold' 'I' @36  393216 (0x00060000)
 - final 'loadFactor' 'F' @40  0.750000 (0x3f400000)
stack at sp + 1 slots: 0x000000000080d880 is an unknown value
stack at sp + 2 slots: 0x00000006749bd458 is an oop: java.util.HashMap 
{0x00000006749bd458} - klass: 'java/util/HashMap' - flags: is_cloneable_fast 

 - ---- fields (total size 6 words):
 - transient 'keySet' 'Ljava/util/Set;' @12  null (0x00000000)
 - transient 'values' 'Ljava/util/Collection;' @16  null (0x00000000)
 - transient 'table' '[Ljava/util/HashMap$Node;' @20  a 'java/util/HashMap$Node'[524288] {0x000000060e000000} (0xc1c00000)
 - transient 'entrySet' 'Ljava/util/Set;' @24  null (0x00000000)
 - transient 'size' 'I' @28  148953 (0x000245d9)
 - transient 'modCount' 'I' @32  148953 (0x000245d9)
 - 'threshold' 'I' @36  393216 (0x00060000)
 - final 'loadFactor' 'F' @40  0.750000 (0x3f400000)
stack at sp + 3 slots: 0x000000060e000000 is an oop: [Ljava.util.HashMap$Node; 
{0x000000060e000000} - klass: 'java/util/HashMap$Node'[] - flags: is_cloneable_fast 

 - length: 524288
stack at sp + 4 slots: 0x000000060003b563 is an unknown heap location
stack at sp + 5 slots: 0x0000000644dc7230 is an oop: com.android.tools.r8.graph.a6 
{0x0000000644dc7230} - klass: 'com/android/tools/r8/graph/a6' - flags: 

 - ---- fields (total size 4 words):
 - public volatile 'b' 'I' @12  -1681183059 (0x9bcb2ead)
 - public final 'f' 'Lcom/android/tools/r8/graph/l6;' @16  a 'com/android/tools/r8/graph/l6'{0x0000000644dc09f8} (0xc89b813f)
 - public final 'g' 'Lcom/android/tools/r8/graph/k6;' @20  a 'com/android/tools/r8/graph/k6'{0x0000000644dc4308} (0xc89b8861)
 - public final 'i' 'Lcom/android/tools/r8/graph/h6;' @24  a 'com/android/tools/r8/graph/h6'{0x0000000644dc71e8} (0xc89b8e3d)
stack at sp + 6 slots: 0x0020085800000001 is an unknown value
stack at sp + 7 slots: 0x000000060efe58b0 is an oop: java.util.concurrent.ConcurrentHashMap$EntryIterator 
{0x000000060efe58b0} - klass: 'java/util/concurrent/ConcurrentHashMap$EntryIterator' - flags: 

 - ---- fields (total size 7 words):
 - 'index' 'I' @12  243047 (0x0003b567)
 - 'baseIndex' 'I' @16  243047 (0x0003b567)
 - 'baseLimit' 'I' @20  524288 (0x00080000)
 - final 'baseSize' 'I' @24  524288 (0x00080000)
 - 'tab' '[Ljava/util/concurrent/ConcurrentHashMap$Node;' @28  a 'java/util/concurrent/ConcurrentHashMap$Node'[524288] {0x000000063119eb18} (0xc6233d63)
 - 'next' 'Ljava/util/concurrent/ConcurrentHashMap$Node;' @32  a 'java/util/concurrent/ConcurrentHashMap$Node'{0x0000000634426270} (0xc6884c4e)
 - 'stack' 'Ljava/util/concurrent/ConcurrentHashMap$TableStack;' @36  null (0x00000000)
 - 'spare' 'Ljava/util/concurrent/ConcurrentHashMap$TableStack;' @40  null (0x00000000)
 - final 'map' 'Ljava/util/concurrent/ConcurrentHashMap;' @44  a 'java/util/concurrent/ConcurrentHashMap'{0x00000006749bd418} (0xce937a83)
 - 'lastReturned' 'Ljava/util/concurrent/ConcurrentHashMap$Node;' @48  a 'java/util/concurrent/ConcurrentHashMap$Node'{0x000000063be32930} (0xc77c6526)

Lock stack of current Java thread (top to bottom):


Compiled method (c2) 266854 28654       4       java.util.HashMap::putMapEntries (170 bytes)
 total in heap  [0x0000020998d37fc8,0x0000020998d39438] = 5232
 constants      [0x0000020998d380c0,0x0000020998d38100] = 64
 main code      [0x0000020998d38100,0x0000020998d39228] = 4392
 stub code      [0x0000020998d39228,0x0000020998d39438] = 528
 mutable data [0x00000209bdb62f50,0x00000209bdb63238] = 744
 relocation     [0x00000209bdb62f50,0x00000209bdb63140] = 496
 metadata       [0x00000209bdb63140,0x00000209bdb63238] = 248
 immutable data [0x00000209bc403850,0x00000209bc4043e8] = 2968
 dependencies   [0x00000209bc403850,0x00000209bc403878] = 40
 nul chk table  [0x00000209bc403878,0x00000209bc4038b0] = 56
 handler table  [0x00000209bc4038b0,0x00000209bc403af0] = 576
 scopes pcs     [0x00000209bc403af0,0x00000209bc403de0] = 752
 scopes data    [0x00000209bc403de0,0x00000209bc4043e8] = 1544


[Constant Pool]
             Address          hex4                    hex8      
  0x0000020998d380c0:   0x00000000      0x41d0000000000000      
  0x0000020998d380c4:   0x41d00000                              
  0x0000020998d380c8:   0x00000000      0x0000000000000000      
  0x0000020998d380cc:   0x00000000                              
  0x0000020998d380d0:   0x00000000      0x0000000000000000      
  0x0000020998d380d4:   0x00000000                              
  0x0000020998d380d8:   0x00000000      0x0000000000000000      
  0x0000020998d380dc:   0x00000000                              
  0x0000020998d380e0:   0x00000000      0x0000000000000000      
  0x0000020998d380e4:   0x00000000                              
  0x0000020998d380e8:   0x00000000      0x0000000000000000      
  0x0000020998d380ec:   0x00000000                              
  0x0000020998d380f0:   0x00000000      0x0000000000000000      
  0x0000020998d380f4:   0x00000000                              
  0x0000020998d380f8:   0x00000000      0x0000000000000000      
  0x0000020998d380fc:   0x00000000                              

[MachCode]
[Instructions begin]
  0x0000020998d38100: ;   {other}
  0x0000020998d38100: 1f20 03d5 | 1f20 03d5 | 1f20 03d5 
[Entry Point]
  # {method} {0x00001c000047d020} 'putMapEntries' '(Ljava/util/Map;Z)V' in 'java/util/HashMap'
  # this:     c_rarg1:c_rarg1 
                        = 'java/util/HashMap'
  # parm0:    c_rarg2:c_rarg2 
                        = 'java/util/Map'
  # parm1:    c_rarg3   = boolean
  #           [sp+0x70]  (sp of caller)
  0x0000020998d3810c: 2808 40b9 | 2a09 40b9 | 1f01 0a6b | 4000 0054 

  0x0000020998d3811c: ;   {runtime_call Shared Runtime ic_miss_blob}
  0x0000020998d3811c: b90c da17 
[Verified Entry Point]
  0x0000020998d38120: 1f20 03d5 | e953 40d1 | 3f01 00f9 | ffc3 01d1 | fd7b 06a9 | 6887 0018 | 8923 40b9 | 1f01 09eb 
  0x0000020998d38140: 6186 0054 | e103 00f9 | e333 00b9 

  0x0000020998d3814c: ; implicit exception: dispatches to 0x0000020998d38d88
  0x0000020998d3814c: 4a08 40b9 

  0x0000020998d38150: ;   {metadata('java/util/HashMap')}
  0x0000020998d38150: 0c04 a0d2 | 0c0b 81f2 | 5f01 0c6b | c13f 0054 | ea03 02aa | 5d1d 40b9 | bf03 0071 | 6d0e 0054 
  0x0000020998d38170: ed03 40f9 | ab15 40b9 | aa25 40b9 | 4f08 40b9 | 2b4a 0035 | b129 40bd | b003 621e | 31c2 221e 
  0x0000020998d38190: 101a 711e | 10c2 641e 

  0x0000020998d38198: ;   {section_word}
  0x0000020998d38198: 51f9 ff5c | 2022 701e | 0b02 781e | ed58 0054 | 7f01 0a6b | 6d01 0054 | 6b05 0051 | 6a11 c05a 
  0x0000020998d381b8: 0c00 a012 | 8a25 ca1a | ea47 f837 | e803 0232 | 5f01 086b | ea58 0054 | 4a05 0011 | aa25 00b9 
  0x0000020998d381d8: ee03 0032 

  0x0000020998d381dc: ;   {metadata('java/util/HashMap')}
  0x0000020998d381dc: 0b04 a0d2 | 0b0b 81f2 | ff01 0b6b | 0142 0054 | fd03 02aa | ab1b 40b9 | 61f1 7dd3 | e103 00b5 
  0x0000020998d381fc: 81e7 40f9 | 8aef 40f9 | 2b40 0091 | 7f01 0aeb | 424e 0054 | ea03 40b2 | 8be7 00f9 | 2a00 00f9 
  0x0000020998d3821c: ;   {metadata('java/util/HashMap$EntrySet')}
  0x0000020998d3821c: 8a05 a0d2 | 0ad1 9af2 | 2a08 00b9 | 7061 80f9 | abff 43d3 | 2b0c 00b9 | bf3a 03d5 | aa63 0091 
  0x0000020998d3823c: 8f23 4139 | ef62 0035 | 2cfc 43d3 | 4c01 00b9 | 4f01 01ca | effd 57d3 | 0f01 00b4 | 4ffd 49d3 
  0x0000020998d3825c: 0b00 b4d2 | 2b41 c0f2 | ef01 0b8b | eb01 4039 | 7f09 0071 | 0164 0054 | 2b08 40b9 

  0x0000020998d38278: ;   {metadata('java/util/HashMap$EntrySet')}
  0x0000020998d38278: 8a05 a0d2 | 0ad1 9af2 | 7f01 0a6b | 013f 0054 | 80e7 40f9 | 8aef 40f9 | 0b80 0091 | 7f01 0aeb 
  0x0000020998d38298: 2248 0054 | ea03 40b2 | 8be7 00f9 

  0x0000020998d382a4: ;   {metadata('java/util/HashMap$EntryIterator')}
  0x0000020998d382a4: 8c05 a0d2 | 0c67 9df2 | 0a00 00f9 | 0c08 00b9 | 7061 80f9 | 1f0c 00b9 | 0a40 0091 | 5f7d 00a9 
  0x0000020998d382c4: 2b0c 40b9 | 6af1 7dd3 

  0x0000020998d382cc: ; implicit exception: dispatches to 0x0000020998d38d9c
  0x0000020998d382cc: 4c15 40b9 | 5021 40b9 | 100c 00b9 | 82f1 7dd3 | 0c70 0091 | 8b01 00b9 | 6206 00b4 | 4b1d 40b9 
  0x0000020998d382ec: 7f01 0071 | 0d06 0054 | 4c0c 40b9 | 8305 0011 | 6c50 0034 | e877 1f32 | 9f01 086b | cc4c 0054 
  0x0000020998d3830c: f003 1f2a | 8a01 0e4b | 7f00 0e6b | 4b05 0011 | eab3 8b1a | 5fa1 0f71 | 117d 8052 | 2f82 8a1a 
  0x0000020998d3832c: 0b50 0091 | ea01 0e0b | 0900 0014 | fd7b 46a9 | ffc3 0191 

  0x0000020998d38340: ;   {poll_return}
  0x0000020998d38340: 8817 40f9 | ff63 28eb | c875 0054 | c003 5fd6 | f003 0e2a | ee03 112a | 4fc8 308b | 0e10 00b9 
  0x0000020998d38360: 1f02 0c6b | e247 0054 | ef11 40b9 | f0f1 7dd3 | 8123 4139 | a15e 0035 | 6f01 00b9 | f1f1 7dd3 
  0x0000020998d38380: 6101 11ca | 21fc 57d3 | 2101 00b4 | 1101 00b4 | 61fd 49d3 | 0400 b4d2 | 2441 c0f2 | 2100 048b 
  0x0000020998d383a0: 2400 4039 | 9f08 0071 | 6160 0054 | 1002 00b4 | bf3a 03d5 | e01f 00f9 | fd03 0daa | e11f 40f9 
  0x0000020998d383c0: 0982 8fd2 | 09a5 b7f2 | 2941 c0f2 

  0x0000020998d383cc: ; ImmutableOopMap {rfp=Oop [56]=Oop }
                      ;*invokeinterface hasNext {reexecute=0 rethrow=0 return_oop=0}
                      ; - java.util.HashMap::putMapEntries@112 (line 520)
                      ;   {virtual_call}
  0x0000020998d383cc: e37b dd97 

  0x0000020998d383d0: ;   {post_call_nop}
  0x0000020998d383d0: 1f20 03d5 | 1f81 80f2 | 1f00 80f2 | e0fa ff34 | ab0b 40b9 | eb37 00b9 | 3900 0014 | d105 0011 
  0x0000020998d383f0: 3f02 0a6b | ebfa ff54 

  0x0000020998d383f8: ; ImmutableOopMap {r13=Oop r16=Oop c_rarg0=Oop c_rarg2=Oop }
                      ;*ifnull {reexecute=1 rethrow=0 return_oop=0}
                      ; - (reexecute) java.util.HashMap$HashIterator::<init>@80 (line 1594)
                      ; - java.util.HashMap$EntryIterator::<init>@9 (line 1637)
                      ; - java.util.HashMap$EntrySet::iterator@8 (line 1107)
                      ; - java.util.HashMap::putMapEntries@103 (line 520)
  0x0000020998d383f8: 8f1b 40f9 

  0x0000020998d383fc: ;   {poll}
  0x0000020998d383fc: ff01 40b9 | 3f02 036b | ca49 0054 | f003 0e2a | ee03 112a | c0ff ff17 | ea03 40f9 | 4a41 0091 
  0x0000020998d3841c: 8c23 4139 | 2c60 0035 | 0bfc 43d3 | 4b01 00b9 | 4c01 00ca | 8cfd 57d3 | 2c01 00b4 | 0001 00b4 
  0x0000020998d3843c: 4cfd 49d3 | 0d00 b4d2 | 2d41 c0f2 | 8c01 0d8b | 8d01 4039 | bf09 0071 | e160 0054 | ee0b 40f9 
  0x0000020998d3845c: cab1 4329 | 8d05 0011 | 4a05 0011 | cb25 40b9 | cab5 0329 | 5f01 0b6b | 4c24 0054 | fd03 0eaa 
  0x0000020998d3847c: e103 0eaa | e233 40b9 | 0987 8fd2 | 09a5 b7f2 | 2941 c0f2 

  0x0000020998d38490: ; ImmutableOopMap {rfp=Oop [56]=Oop }
                      ;*invokevirtual afterNodeInsertion {reexecute=0 rethrow=0 return_oop=0}
                      ; - java.util.HashMap::putVal@295 (line 671)
                      ; - java.util.HashMap::putMapEntries@162 (line 523)
                      ;   {virtual_call}
  0x0000020998d38490: 147c dd97 

  0x0000020998d38494: ;   {post_call_nop}
  0x0000020998d38494: 1f20 03d5 | 9f99 80f2 | 1f40 80f2 | ed03 1daa | fd03 0daa | e11f 40f9 | 098c 8fd2 | 09a5 b7f2 
  0x0000020998d384b4: 2941 c0f2 

  0x0000020998d384b8: ; ImmutableOopMap {rfp=Oop [56]=Oop }
                      ;*invokeinterface hasNext {reexecute=0 rethrow=0 return_oop=0}
                      ; - java.util.HashMap::putMapEntries@112 (line 520)
                      ;   {virtual_call}
  0x0000020998d384b8: a87b dd97 

  0x0000020998d384bc: ;   {post_call_nop}
  0x0000020998d384bc: 1f20 03d5 | 9f9e 80f2 | 1f60 80f2 | 80f3 ff34 | fd03 00f9 | e11f 40f9 | 0991 8fd2 | 09a5 b7f2 
  0x0000020998d384dc: 2941 c0f2 

  0x0000020998d384e0: ; ImmutableOopMap {rfp=Oop [0]=Oop [56]=Oop }
                      ;*invokeinterface next {reexecute=0 rethrow=0 return_oop=1}
                      ; - java.util.HashMap::putMapEntries@122 (line 520)
                      ;   {virtual_call}
  0x0000020998d384e0: ca7b dd97 

  0x0000020998d384e4: ;   {post_call_nop}
  0x0000020998d384e4: 1f20 03d5 | 9fa3 80f2 | 1f80 80f2 | ec03 00aa 

  0x0000020998d384f4: ; implicit exception: dispatches to 0x0000020998d38d60
  0x0000020998d384f4: 0a08 40b9 | 4409 56d2 | 8a10 40f9 

  0x0000020998d38500: ;   {metadata('java/util/Map$Entry')}
  0x0000020998d38500: 0b35 98d2 | 0b03 a0f2 | 0b80 c3f2 | 5f01 0beb | 0113 0054 | fd03 0caa | e103 1daa | 0996 8fd2 
  0x0000020998d38520: 09a5 b7f2 | 2941 c0f2 

  0x0000020998d38528: ; ImmutableOopMap {rfp=Oop [0]=Oop [56]=Oop }
                      ;*invokeinterface getKey {reexecute=0 rethrow=0 return_oop=1}
                      ; - java.util.HashMap::putMapEntries@134 (line 521)
                      ;   {virtual_call}
  0x0000020998d38528: 787c dd97 

  0x0000020998d3852c: ;   {post_call_nop}
  0x0000020998d3852c: 1f20 03d5 | 9fac 80f2 | 1fa0 80f2 | e007 00f9 | e103 1daa | 099b 8fd2 | 09a5 b7f2 | 2941 c0f2 
  0x0000020998d3854c: ; ImmutableOopMap {[0]=Oop [8]=Oop [56]=Oop }
                      ;*invokeinterface getValue {reexecute=0 rethrow=0 return_oop=1}
                      ; - java.util.HashMap::putMapEntries@143 (line 522)
                      ;   {virtual_call}
  0x0000020998d3854c: 3f7b dd97 

  0x0000020998d38550: ;   {post_call_nop}
  0x0000020998d38550: 1f20 03d5 | 1fb1 80f2 | 1fc0 80f2 | ee07 40f9 | e017 00f9 | 0e31 00b4 | cb09 40b9 | 6a09 56d2 
  0x0000020998d38570: 4af9 40f9 

  0x0000020998d38574: ;   {metadata({method} {0x00001c00001835f0} 'hashCode' '()I' in 'java/lang/Object')}
  0x0000020998d38574: 0bbd 86d2 | 0b03 a0f2 | 0b80 c3f2 | 5f01 0beb | 6128 0054 | ca01 40f9 | 4b05 4092 | 7f09 00f1 
  0x0000020998d38594: e027 0054 | 4afd 4bd3 | 4079 0012 | 8027 0034 | 0a40 404a | ed03 40f9 | ac15 40b9 | 80f1 7dd3 
  0x0000020998d385b4: 0011 00b4 | 0c0c 40b9 | ac33 0034 | 8b05 0051 | 7d01 0a0a | eb03 00aa | 10c8 3d8b | cc31 0034 
  0x0000020998d385d4: 0f12 40b9 | e1f1 7dd3 | 0109 00b4 | 2c0c 40b9 | 9f01 0a6b | 4106 0054 | 2c10 40b9 | 82f1 7dd3 
  0x0000020998d385f4: 5f00 0eeb | 8002 0054 | 0e2c 00b4 | cc09 40b9 

  0x0000020998d38604: ;   {metadata('java/lang/String')}
  0x0000020998d38604: 0f03 a0d2 | 0fe3 8ef2 | 9f01 0f6b | a11e 0054 | e113 00f9 | e103 0eaa | ed3b 00a9 | ea13 00b9 
  0x0000020998d38624: e00f 00f9 | fd03 01aa 

  0x0000020998d3862c: ; ImmutableOopMap {rfp=Oop [0]=Oop [8]=Oop [24]=Oop [32]=Oop [40]=Oop [56]=Oop }
                      ;*invokevirtual equals {reexecute=0 rethrow=0 return_oop=0}
                      ; - java.util.HashMap::putVal@91 (line 642)
                      ; - java.util.HashMap::putMapEntries@162 (line 523)
                      ;   {optimized virtual_call}
  0x0000020998d3862c: 9d17 fe97 

  0x0000020998d38630: ;   {post_call_nop}
  0x0000020998d38630: 1f20 03d5 | 1fcd 80f2 | 1fe0 80f2 | e01e 0034 | ed03 40f9 | e113 40f9 | e203 01aa | 4a14 40b9 
  0x0000020998d38650: 4b50 0091 | f017 40f9 | 8f23 4139 | ef52 0035 | 0cfe 43d3 | 6c01 00b9 | 6f01 10ca | effd 57d3 
  0x0000020998d38670: 2f01 00b4 | 1001 00b4 | 6ffd 49d3 | 0e00 b4d2 | 2e41 c0f2 | ef01 0e8b | ee01 4039 | df09 0071 
  0x0000020998d38690: 2154 0054 

  0x0000020998d38694: ;   {metadata('java/util/HashMap')}
  0x0000020998d38694: 0b04 a0d2 | 0b0b 81f2 | ec37 40b9 | 9f01 0b6b | a113 0054 | ec37 00b9 | 7eff ff17 | 2f08 40b9 
  0x0000020998d386b4: ;   {metadata('java/util/HashMap$TreeNode')}
  0x0000020998d386b4: 9005 a0d2 | 107c 97f2 | ff01 106b | 410a 0054 | ed0b 00f9 | e203 0daa | e303 0baa | e403 0a2a 
  0x0000020998d386d4: e503 0eaa | e617 40f9 

  0x0000020998d386dc: ; ImmutableOopMap {[16]=Oop [40]=Oop [56]=Oop }
                      ;*invokevirtual putTreeVal {reexecute=0 rethrow=0 return_oop=1}
                      ; - java.util.HashMap::putVal@123 (line 645)
                      ; - java.util.HashMap::putMapEntries@162 (line 523)
                      ;   {optimized virtual_call}
  0x0000020998d386dc: 4303 0094 

  0x0000020998d386e0: ;   {post_call_nop}
  0x0000020998d386e0: 1f20 03d5 | 1fe3 80f2 | 1f00 81f2 | 60eb ffb4 | e203 00aa | ed0b 40f9 | d5ff ff17 | fd23 00b9 
  0x0000020998d38700: f003 00f9 | e203 0a2a | ed03 01a9 | 1d08 40b9 | e103 0daa | e303 0eaa | e417 40f9 | e503 1faa 
  0x0000020998d38720: 09a0 8fd2 | 09a5 b7f2 | 2941 c0f2 

  0x0000020998d3872c: ; ImmutableOopMap {[16]=Oop [24]=Oop [0]=Derived_oop_[24] [56]=Oop }
                      ;*invokevirtual newNode {reexecute=0 rethrow=0 return_oop=1}
                      ; - java.util.HashMap::putVal@56 (line 638)
                      ; - java.util.HashMap::putMapEntries@162 (line 523)
                      ;   {virtual_call}
  0x0000020998d3872c: 637b dd97 

  0x0000020998d38730: ;   {post_call_nop}
  0x0000020998d38730: 1f20 03d5 | 1fed 80f2 | 1f20 81f2 

  0x0000020998d3873c: ;   {metadata('java/util/HashMap$Node'[])}
  0x0000020998d3873c: 8b05 a0d2 | 0ba3 96f2 | bf03 0b6b | 60e6 ff54 | eb33 40b9 | 2105 8012 | fd0b 40f9 | eb07 00b9 
  0x0000020998d3875c: e017 00f9 

  0x0000020998d38760: ; ImmutableOopMap {rfp=Oop [24]=Oop [40]=Oop [56]=Oop }
                      ;*aastore {reexecute=1 rethrow=0 return_oop=0}
                      ; - (reexecute) java.util.HashMap::putVal@59 (line 638)
                      ; - java.util.HashMap::putMapEntries@162 (line 523)
                      ;   {runtime_call UncommonTrapBlob}
  0x0000020998d38760: 086c dd97 

  0x0000020998d38764: ;   {post_call_nop}
  0x0000020998d38764: 1f20 03d5 | 9ff3 80f2 | 1f40 81f2 

  0x0000020998d38770: ;   {metadata('java/util/Map$Entry')}
  0x0000020998d38770: 0035 98d2 | 0003 a0f2 | 0080 c3f2 | e503 40b2 | 8954 40f9 | 8054 40fd | 8901 18b6 | 0054 5c5f 
  0x0000020998d38790: 0058 200e | 00b8 310e | 0300 669e | 8114 40f9 | 2578 63f8 | a500 00ca | 8500 00b4 | 6900 20b6 
  0x0000020998d387b0: 298d c993 

  0x0000020998d387b4: ;   {runtime_call Stub::lookup_secondary_supers_table_slow_path}
  0x0000020998d387b4: c82e da97 | e5ea ffb4 | 2104 8012 | fd03 0caa 

  0x0000020998d387c4: ; ImmutableOopMap {rfp=Oop }
                      ;*checkcast {reexecute=0 rethrow=0 return_oop=0}
                      ; - java.util.HashMap::putMapEntries@127 (line 520)
                      ;   {runtime_call UncommonTrapBlob}
  0x0000020998d387c4: ef6b dd97 

  0x0000020998d387c8: ;   {post_call_nop}
  0x0000020998d387c8: 1f20 03d5 | 1f00 81f2 | 1f60 81f2 | fd03 0daa | ee03 00f9 | ea0b 00b9 | e103 1daa 

  0x0000020998d387e4: ; ImmutableOopMap {rfp=Oop [0]=Oop [40]=Oop [56]=Oop }
                      ;*invokevirtual resize {reexecute=0 rethrow=0 return_oop=1}
                      ; - java.util.HashMap::putVal@20 (line 636)
                      ; - java.util.HashMap::putMapEntries@162 (line 523)
                      ;   {optimized virtual_call}
  0x0000020998d387e4: 3fdb fa97 

  0x0000020998d387e8: ;   {post_call_nop}
  0x0000020998d387e8: 1f20 03d5 | 1f04 81f2 | 1f80 81f2 

  0x0000020998d387f4: ; implicit exception: dispatches to 0x0000020998d38d74
  0x0000020998d387f4: 0c0c 40b9 | ed03 1daa | ee03 40f9 | ea0b 40b9 | 6fff ff17 | 2f18 40b9 | eff1 7dd3 | ef01 00b4 
  0x0000020998d38814: fd03 1f2a | ec0d 40b9 | 9f01 0a6b | 200b 0054 | 901b 40f9 

  0x0000020998d38828: ; ImmutableOopMap {r11=Oop r13=Oop r14=Oop r15=Oop [40]=Oop [56]=Oop }
                      ;*goto {reexecute=1 rethrow=0 return_oop=0}
                      ; - (reexecute) java.util.HashMap::putVal@219 (line 647)
                      ; - java.util.HashMap::putMapEntries@162 (line 523)
  0x0000020998d38828: bd07 0011 

  0x0000020998d3882c: ;   {poll}
  0x0000020998d3882c: 1f02 40b9 | f019 40b9 | 0cf2 7dd3 | 6c00 00b4 | ef03 0caa | f6ff ff17 | e103 0faa | 0200 0014 
  0x0000020998d3884c: fd03 1f2a | fd07 00b9 | fd03 01aa | ea03 00b9 | ebb7 00a9 | e103 0daa | e203 0a2a | e303 0eaa 
  0x0000020998d3886c: e417 40f9 | e503 1faa | 09a5 8fd2 | 09a5 b7f2 | 2941 c0f2 

  0x0000020998d38880: ; ImmutableOopMap {rfp=Oop [8]=Oop [16]=Oop [40]=Oop [56]=Oop }
                      ;*invokevirtual newNode {reexecute=0 rethrow=0 return_oop=1}
                      ; - java.util.HashMap::putVal@152 (line 649)
                      ; - java.util.HashMap::putMapEntries@162 (line 523)
                      ;   {virtual_call}
  0x0000020998d38880: 0e7b dd97 

  0x0000020998d38884: ;   {post_call_nop}
  0x0000020998d38884: 1f20 03d5 | 9f17 81f2 | 1fc0 81f2 | aa63 0091 | 8c23 4139 | ac46 0035 | 0bfc 43d3 | 4b01 00b9 
  0x0000020998d388a4: 4c01 00ca | 8cfd 57d3 | 2c01 00b4 | 0001 00b4 | 4cfd 49d3 | 0d00 b4d2 | 2d41 c0f2 | 8c01 0d8b 
  0x0000020998d388c4: 8d01 4039 | bf09 0071 | 6147 0054 | ea07 40b9 | 5f1d 0071 | 0bdc ff54 | e303 40b9 | e287 40a9 
  0x0000020998d388e4: fd17 40f9 

  0x0000020998d388e8: ; ImmutableOopMap {rfp=Oop [16]=Oop [56]=Oop }
                      ;*invokevirtual treeifyBin {reexecute=0 rethrow=0 return_oop=0}
                      ; - java.util.HashMap::putVal@169 (line 651)
                      ; - java.util.HashMap::putMapEntries@162 (line 523)
                      ;   {optimized virtual_call}
  0x0000020998d388e8: ee82 6194 

  0x0000020998d388ec: ;   {post_call_nop}
  0x0000020998d388ec: 1f20 03d5 | 9f24 81f2 | 1fe0 81f2 | d8fe ff17 | e10b 40f9 

  0x0000020998d38900: ; ImmutableOopMap {[16]=Oop [56]=Oop }
                      ;*invokevirtual resize {reexecute=0 rethrow=0 return_oop=1}
                      ; - java.util.HashMap::putVal@288 (line 670)
                      ; - java.util.HashMap::putMapEntries@162 (line 523)
                      ;   {optimized virtual_call}
  0x0000020998d38900: f8da fa97 

  0x0000020998d38904: ;   {post_call_nop}
  0x0000020998d38904: 1f20 03d5 | 9f27 81f2 | 1f00 82f2 | ee0b 40f9 | d9fe ff17 

  0x0000020998d38918: ;   {metadata('java/util/LinkedHashMap')}
  0x0000020998d38918: 8e04 a0d2 | 0e24 99f2 | 9f01 0e6b | 4af1 7dd3 | e11a 0054 | e103 0daa | ed03 00f9 | fd03 0aaa 
  0x0000020998d38938: ; ImmutableOopMap {rfp=Oop [0]=Oop [56]=Oop }
                      ;*invokevirtual afterNodeAccess {reexecute=0 rethrow=0 return_oop=0}
                      ; - java.util.HashMap::putVal@253 (line 664)
                      ; - java.util.HashMap::putMapEntries@162 (line 523)
                      ;   {optimized virtual_call}
  0x0000020998d38938: aa4a f797 

  0x0000020998d3893c: ;   {post_call_nop}
  0x0000020998d3893c: 1f20 03d5 | 9f2e 81f2 | 1f20 82f2 | ed03 40f9 | ec37 40b9 | 56ff ff17 | e207 00f9 | e103 02aa 
  0x0000020998d3895c: 09aa 8fd2 | 09a5 b7f2 | 2941 c0f2 

  0x0000020998d38968: ; ImmutableOopMap {[0]=Oop [8]=Oop }
                      ;*invokeinterface size {reexecute=0 rethrow=0 return_oop=0}
                      ; - java.util.HashMap::putMapEntries@1 (line 504)
                      ;   {virtual_call}
  0x0000020998d38968: 7c7a dd97 

  0x0000020998d3896c: ;   {post_call_nop}
  0x0000020998d3896c: 1f20 03d5 | 9f34 81f2 | 1f40 82f2 | fd03 002a | e207 40f9 | fafd ff17 | ec11 40b9 | 82f1 7dd3 
  0x0000020998d3898c: 5f00 0eeb | 200a 0054 

  0x0000020998d38994: ; implicit exception: dispatches to 0x0000020998d38dc4
  0x0000020998d38994: cc09 40b9 

  0x0000020998d38998: ;   {metadata('java/lang/String')}
  0x0000020998d38998: 1103 a0d2 | 11e3 8ef2 | 9f01 116b | c109 0054 | e103 0eaa | fd0f 00b9 | ed03 00f9 | ea0b 00b9 
  0x0000020998d389b8: eb3b 01a9 | ef13 00f9 | fd03 01aa 

  0x0000020998d389c4: ; ImmutableOopMap {rfp=Oop [0]=Oop [16]=Oop [24]=Oop [32]=Oop [40]=Oop [56]=Oop }
                      ;*invokevirtual equals {reexecute=0 rethrow=0 return_oop=0}
                      ; - java.util.HashMap::putVal@203 (line 655)
                      ; - java.util.HashMap::putMapEntries@162 (line 523)
                      ;   {optimized virtual_call}
  0x0000020998d389c4: b716 fe97 

  0x0000020998d389c8: ;   {post_call_nop}
  0x0000020998d389c8: 1f20 03d5 | 1f40 81f2 | 1f60 82f2 | a00c 0034 | ed03 40f9 | e213 40f9 | 1bff ff17 | e113 00f9 
  0x0000020998d389e8: ed3b 00a9 | ea13 00b9 | e00f 00f9 | e103 0eaa | 09af 8fd2 | 09a5 b7f2 | 2941 c0f2 

  0x0000020998d38a04: ; ImmutableOopMap {[0]=Oop [8]=Oop [24]=Oop [32]=Oop [40]=Oop [56]=Oop }
                      ;*invokevirtual equals {reexecute=0 rethrow=0 return_oop=0}
                      ; - java.util.HashMap::putVal@91 (line 642)
                      ; - java.util.HashMap::putMapEntries@162 (line 523)
                      ;   {virtual_call}
  0x0000020998d38a04: 077a dd97 

  0x0000020998d38a08: ;   {post_call_nop}
  0x0000020998d38a08: 1f20 03d5 | 1f48 81f2 | 1f80 82f2 | 0aff ff17 | ed3b 40a9 | ea13 40b9 | eb87 41a9 | 23ff ff17 
  0x0000020998d38a28: ee03 00b9 | fd03 0daa | e103 02aa | 09b4 8fd2 | 09a5 b7f2 | 2941 c0f2 

  0x0000020998d38a40: ; ImmutableOopMap {rfp=Oop }
                      ;*invokeinterface entrySet {reexecute=0 rethrow=0 return_oop=1}
                      ; - java.util.HashMap::putMapEntries@98 (line 520)
                      ;   {virtual_call}
  0x0000020998d38a40: 5427 de97 

  0x0000020998d38a44: ;   {post_call_nop}
  0x0000020998d38a44: 1f20 03d5 | 9f4f 81f2 | 1fa0 82f2 | c016 00b4 | ed03 1daa | ee03 40b9 | e103 00aa | 05fe ff17 
  0x0000020998d38a64: fd03 0daa | 09b9 8fd2 | 09a5 b7f2 | 2941 c0f2 

  0x0000020998d38a74: ; ImmutableOopMap {rfp=Oop }
                      ;*invokeinterface iterator {reexecute=0 rethrow=0 return_oop=1}
                      ; - java.util.HashMap::putMapEntries@103 (line 520)
                      ;   {virtual_call}
  0x0000020998d38a74: c37a dd97 

  0x0000020998d38a78: ;   {post_call_nop}
  0x0000020998d38a78: 1f20 03d5 | 1f56 81f2 | 1fc0 82f2 | e01f 00f9 | ed03 1daa | 4bfe ff17 | fd03 0eaa | e103 0eaa 
  0x0000020998d38a98: 09be 8fd2 | 09a5 b7f2 | 2941 c0f2 

  0x0000020998d38aa4: ; ImmutableOopMap {rfp=Oop [0]=Oop [40]=Oop [56]=Oop }
                      ;*invokevirtual hashCode {reexecute=0 rethrow=0 return_oop=0}
                      ; - java.util.HashMap::hash@9 (line 338)
                      ; - java.util.HashMap::putMapEntries@153 (line 523)
                      ;   {virtual_call}
  0x0000020998d38aa4: cb79 dd97 

  0x0000020998d38aa8: ;   {post_call_nop}
  0x0000020998d38aa8: 1f20 03d5 | 1f5c 81f2 | 1fe0 82f2 | ee03 1daa | bbfe ff17 | ea03 0032 | c5fd ff17 | bf03 0a6b 
  0x0000020998d38ac8: 4c02 0054 | ee03 0032 | c3fd ff17 | e203 0faa | ddfe ff17 | ed03 00f9 | ea77 0129 | eb3b 01a9 
  0x0000020998d38ae8: ef13 00f9 | e103 0eaa | 09c3 8fd2 | 09a5 b7f2 | 2941 c0f2 

  0x0000020998d38afc: ; ImmutableOopMap {[0]=Oop [16]=Oop [24]=Oop [32]=Oop [40]=Oop [56]=Oop }
                      ;*invokevirtual equals {reexecute=0 rethrow=0 return_oop=0}
                      ; - java.util.HashMap::putVal@203 (line 655)
                      ; - java.util.HashMap::putMapEntries@162 (line 523)
                      ;   {virtual_call}
  0x0000020998d38afc: c979 dd97 

  0x0000020998d38b00: ;   {post_call_nop}
  0x0000020998d38b00: 1f20 03d5 | 1f67 81f2 | 1f00 83f2 | b2ff ff17 | ee03 0032 | 6af1 7dd3 

  0x0000020998d38b18: ; implicit exception: dispatches to 0x0000020998d38dec
  0x0000020998d38b18: 4a0d 40b9 | e803 0232 | 5f01 086b | cab5 ff54 | e237 00a9 | ee3f 0229 | e103 0daa 

  0x0000020998d38b34: ; ImmutableOopMap {[0]=Oop [8]=Oop }
                      ;*invokevirtual resize {reexecute=0 rethrow=0 return_oop=1}
                      ; - java.util.HashMap::putMapEntries@90 (line 517)
                      ;   {optimized virtual_call}
  0x0000020998d38b34: 6bda fa97 

  0x0000020998d38b38: ;   {post_call_nop}
  0x0000020998d38b38: 1f20 03d5 | 1f6e 81f2 | 1f20 83f2 

  0x0000020998d38b44: ; ImmutableOopMap {[0]=Oop [8]=Oop }
                      ;*goto {reexecute=1 rethrow=0 return_oop=0}
                      ; - (reexecute) java.util.HashMap::putMapEntries@94 (line 517)
  0x0000020998d38b44: 8a1b 40f9 

  0x0000020998d38b48: ;   {poll}
  0x0000020998d38b48: 5f01 40b9 | ed07 40f9 | ab25 40b9 | bf03 0b6b | ac01 0054 | e203 40f9 | ee3f 4229 | 9efd ff17 
  0x0000020998d38b68: ed03 40f9 | ea77 4129 | eb3b 41a9 | ef13 40f9 | 2bff ff17 | ee03 1faa | ccfe ff17 | ea03 1f2a 
  0x0000020998d38b88: 88fe ff17 | ab15 40b9 | e203 40f9 | ee3f 4229 | dfff ff17 | ee03 00b9 | e107 00f9 | fd03 0daa 
  0x0000020998d38ba8: ;   {metadata('java/util/HashMap$EntryIterator')}
  0x0000020998d38ba8: 0167 9dd2 | 8105 a0f2 | 0180 c3f2 

  0x0000020998d38bb4: ; ImmutableOopMap {rfp=Oop [8]=Oop }
                      ;*new {reexecute=0 rethrow=0 return_oop=1}
                      ; - java.util.HashMap$EntrySet::iterator@0 (line 1107)
                      ; - java.util.HashMap::putMapEntries@103 (line 520)
                      ;   {runtime_call C2 Runtime new_instance}
  0x0000020998d38bb4: b37e dd97 

  0x0000020998d38bb8: ;   {post_call_nop}
  0x0000020998d38bb8: 1f20 03d5 | 1f7e 81f2 | 1f60 83f2 | ed03 1daa | ee03 40b9 | e107 40f9 | bdfd ff17 | ed03 00f9 
  0x0000020998d38bd8: ee0b 00b9 

  0x0000020998d38bdc: ;   {metadata('java/util/HashMap$EntrySet')}
  0x0000020998d38bdc: 01d1 9ad2 | 8105 a0f2 | 0180 c3f2 

  0x0000020998d38be8: ; ImmutableOopMap {rfp=Oop [0]=Oop }
                      ;*new {reexecute=0 rethrow=0 return_oop=1}
                      ; - java.util.HashMap::entrySet@10 (line 1100)
                      ; - java.util.HashMap::putMapEntries@98 (line 520)
                      ;   {runtime_call C2 Runtime new_instance}
  0x0000020998d38be8: a67e dd97 

  0x0000020998d38bec: ;   {post_call_nop}
  0x0000020998d38bec: 1f20 03d5 | 9f84 81f2 | 1f80 83f2 | ed03 40f9 | ee0b 40b9 | e103 00aa | 8afd ff17 | ec1f 40f9 
  0x0000020998d38c0c: 6103 8012 | ea0f 00b9 | ec37 01a9 | ee13 00f9 | e023 00f9 

  0x0000020998d38c20: ; ImmutableOopMap {[16]=Oop [24]=Oop [32]=Oop [40]=Oop [64]=Oop }
                      ;*aaload {reexecute=0 rethrow=0 return_oop=0}
                      ; - java.util.HashMap::putVal@40 (line 637)
                      ; - java.util.HashMap::putMapEntries@162 (line 523)
                      ;   {runtime_call UncommonTrapBlob}
  0x0000020998d38c20: d86a dd97 

  0x0000020998d38c24: ;   {post_call_nop}
  0x0000020998d38c24: 1f20 03d5 | 9f8b 81f2 | 1fa0 83f2 | ea07 00b9 | eb33 40b9 | ea17 40f9 | 4117 8012 | fd03 0daa 
  0x0000020998d38c44: eb03 00b9 | eeab 01a9 | ec2f 00b9 

  0x0000020998d38c50: ; ImmutableOopMap {rfp=Oop [24]=Oop [32]=Oop [56]=Oop }
                      ;*ifne {reexecute=1 rethrow=0 return_oop=0}
                      ; - (reexecute) java.util.HashMap::putVal@16 (line 635)
                      ; - java.util.HashMap::putMapEntries@162 (line 523)
                      ;   {runtime_call UncommonTrapBlob}
  0x0000020998d38c50: cc6a dd97 

  0x0000020998d38c54: ;   {post_call_nop}
  0x0000020998d38c54: 1f20 03d5 | 9f91 81f2 | 1fc0 83f2 | 6103 8012 | fd03 0daa | f007 00b9 | e00b 00f9 | e00b 02a9 
  0x0000020998d38c74: ; ImmutableOopMap {rfp=Oop [16]=Oop [32]=Oop [40]=Oop }
                      ;*aaload {reexecute=0 rethrow=0 return_oop=0}
                      ; - java.util.HashMap$HashIterator::<init>@75 (line 1594)
                      ; - java.util.HashMap$EntryIterator::<init>@9 (line 1637)
                      ; - java.util.HashMap$EntrySet::iterator@8 (line 1107)
                      ; - java.util.HashMap::putMapEntries@103 (line 520)
                      ;   {runtime_call UncommonTrapBlob}
  0x0000020998d38c74: c36a dd97 

  0x0000020998d38c78: ;   {post_call_nop}
  0x0000020998d38c78: 1f20 03d5 | 1f96 81f2 | 1fe0 83f2 | 2107 8012 | ea37 01a9 | e213 00f9 

  0x0000020998d38c90: ; ImmutableOopMap {[16]=Oop [24]=Oop [32]=Oop [56]=Oop }
                      ;*invokevirtual afterNodeAccess {reexecute=0 rethrow=0 return_oop=0}
                      ; - java.util.HashMap::putVal@253 (line 664)
                      ; - java.util.HashMap::putMapEntries@162 (line 523)
                      ;   {runtime_call UncommonTrapBlob}
  0x0000020998d38c90: bc6a dd97 

  0x0000020998d38c94: ;   {post_call_nop}
  0x0000020998d38c94: 1f20 03d5 | 9f99 81f2 | 1f00 84f2 | 2113 8012 | fd03 0daa | ec07 00b9 | e00b 01a9 

  0x0000020998d38cb0: ; ImmutableOopMap {rfp=Oop [16]=Oop [24]=Oop }
                      ;*if_icmpge {reexecute=1 rethrow=0 return_oop=0}
                      ; - (reexecute) java.util.HashMap$HashIterator::<init>@59 (line 1594)
                      ; - java.util.HashMap$EntryIterator::<init>@9 (line 1637)
                      ; - java.util.HashMap$EntrySet::iterator@8 (line 1107)
                      ; - java.util.HashMap::putMapEntries@103 (line 520)
                      ;   {runtime_call UncommonTrapBlob}
  0x0000020998d38cb0: b46a dd97 

  0x0000020998d38cb4: ;   {post_call_nop}
  0x0000020998d38cb4: 1f20 03d5 | 9f9d 81f2 | 1f20 84f2 | 2022 701e | eb03 9f5a | 6bb5 8b5a | fd03 0b4b | 4117 8012 
  0x0000020998d38cd4: e207 00f9 

  0x0000020998d38cd8: ; ImmutableOopMap {[0]=Oop [8]=Oop }
                      ;*ifge {reexecute=1 rethrow=0 return_oop=0}
                      ; - (reexecute) java.util.HashMap::putMapEntries@37 (line 508)
                      ;   {runtime_call UncommonTrapBlob}
  0x0000020998d38cd8: aa6a dd97 

  0x0000020998d38cdc: ;   {post_call_nop}
  0x0000020998d38cdc: 1f20 03d5 | 9fa2 81f2 | 1f40 84f2 | 4117 8012 | e203 00f9 | ea0f 00b9 | ed0b 00f9 

  0x0000020998d38cf8: ; ImmutableOopMap {[0]=Oop [16]=Oop }
                      ;*if_icmplt {reexecute=1 rethrow=0 return_oop=0}
                      ; - (reexecute) java.util.HashMap::tableSizeFor@20 (line 379)
                      ; - java.util.HashMap::putMapEntries@62 (line 511)
                      ;   {runtime_call UncommonTrapBlob}
  0x0000020998d38cf8: a26a dd97 

  0x0000020998d38cfc: ;   {post_call_nop}
  0x0000020998d38cfc: 1f20 03d5 | 9fa6 81f2 | 1f60 84f2 | 4117 8012 | fd03 0daa | ec07 00b9 | e007 00f9 

  0x0000020998d38d18: ; ImmutableOopMap {rfp=Oop [8]=Oop }
                      ;*if_icmpge {reexecute=1 rethrow=0 return_oop=0}
                      ; - (reexecute) java.util.HashMap$HashIterator::<init>@59 (line 1594)
                      ; - java.util.HashMap$EntryIterator::<init>@9 (line 1637)
                      ; - java.util.HashMap$EntrySet::iterator@8 (line 1107)
                      ; - java.util.HashMap::putMapEntries@103 (line 520)
                      ;   {runtime_call UncommonTrapBlob}
  0x0000020998d38d18: 9a6a dd97 

  0x0000020998d38d1c: ;   {post_call_nop}
  0x0000020998d38d1c: 1f20 03d5 | 9faa 81f2 | 1f80 84f2 | 2101 8012 

  0x0000020998d38d2c: ; ImmutableOopMap {}
                      ;*invokeinterface iterator {reexecute=0 rethrow=0 return_oop=0}
                      ; - java.util.HashMap::putMapEntries@103 (line 520)
                      ;   {runtime_call UncommonTrapBlob}
  0x0000020998d38d2c: 956a dd97 

  0x0000020998d38d30: ;   {post_call_nop}
  0x0000020998d38d30: 1f20 03d5 | 1fad 81f2 | 1fa0 84f2 | 4117 8012 | fd03 0daa | ee07 00b9 | e007 00f9 | ec13 00b9 
  0x0000020998d38d50: ; ImmutableOopMap {rfp=Oop [8]=Oop }
                      ;*if_icmpge {reexecute=1 rethrow=0 return_oop=0}
                      ; - (reexecute) java.util.HashMap$HashIterator::<init>@59 (line 1594)
                      ; - java.util.HashMap$EntryIterator::<init>@9 (line 1637)
                      ; - java.util.HashMap$EntrySet::iterator@8 (line 1107)
                      ; - java.util.HashMap::putMapEntries@103 (line 520)
                      ;   {runtime_call UncommonTrapBlob}
  0x0000020998d38d50: 8c6a dd97 

  0x0000020998d38d54: ;   {post_call_nop}
  0x0000020998d38d54: 1f20 03d5 | 9fb1 81f2 | 1fc0 84f2 | 6101 8012 

  0x0000020998d38d64: ; ImmutableOopMap {rfp=Oop [56]=Oop }
                      ;*checkcast {reexecute=0 rethrow=0 return_oop=0}
                      ; - java.util.HashMap::putMapEntries@127 (line 520)
                      ;   {runtime_call UncommonTrapBlob}
  0x0000020998d38d64: 876a dd97 

  0x0000020998d38d68: ;   {post_call_nop}
  0x0000020998d38d68: 1f20 03d5 | 1fb4 81f2 | 1fe0 84f2 | 2101 8012 

  0x0000020998d38d78: ; ImmutableOopMap {}
                      ;*arraylength {reexecute=0 rethrow=0 return_oop=0}
                      ; - java.util.HashMap::putVal@26 (line 636)
                      ; - java.util.HashMap::putMapEntries@162 (line 523)
                      ;   {runtime_call UncommonTrapBlob}
  0x0000020998d38d78: 826a dd97 

  0x0000020998d38d7c: ;   {post_call_nop}
  0x0000020998d38d7c: 1f20 03d5 | 9fb6 81f2 | 1f00 85f2 | 2101 8012 

  0x0000020998d38d8c: ; ImmutableOopMap {}
                      ;*invokeinterface size {reexecute=0 rethrow=0 return_oop=0}
                      ; - java.util.HashMap::putMapEntries@1 (line 504)
                      ;   {runtime_call UncommonTrapBlob}
  0x0000020998d38d8c: 7d6a dd97 

  0x0000020998d38d90: ;   {post_call_nop}
  0x0000020998d38d90: 1f20 03d5 | 1fb9 81f2 | 1f20 85f2 | eb33 40b9 | 4117 8012 | fd03 0daa | eb03 00b9 | e00b 00f9 
  0x0000020998d38db0: ea2b 02a9 

  0x0000020998d38db4: ; ImmutableOopMap {rfp=Oop [16]=Oop [32]=Oop [40]=Oop }
                      ;*ifnonnull {reexecute=1 rethrow=0 return_oop=0}
                      ; - (reexecute) java.util.Objects::requireNonNull@1 (line 219)
                      ; - java.util.HashMap$EntryIterator::<init>@2 (line 1637)
                      ; - java.util.HashMap$EntrySet::iterator@8 (line 1107)
                      ; - java.util.HashMap::putMapEntries@103 (line 520)
                      ;   {runtime_call UncommonTrapBlob}
  0x0000020998d38db4: 736a dd97 

  0x0000020998d38db8: ;   {post_call_nop}
  0x0000020998d38db8: 1f20 03d5 | 1fbe 81f2 | 1f40 85f2 | ec1f 40f9 | 4117 8012 | ea0f 00b9 | ec37 01a9 | ebbf 03a9 
  0x0000020998d38dd8: ee27 00f9 

  0x0000020998d38ddc: ; ImmutableOopMap {[16]=Oop [24]=Oop [40]=Oop [56]=Oop [64]=Oop [72]=Oop }
                      ;*ifnull {reexecute=1 rethrow=0 return_oop=0}
                      ; - (reexecute) java.util.HashMap::putVal@197 (line 654)
                      ; - java.util.HashMap::putMapEntries@162 (line 523)
                      ;   {runtime_call UncommonTrapBlob}
  0x0000020998d38ddc: 696a dd97 

  0x0000020998d38de0: ;   {post_call_nop}
  0x0000020998d38de0: 1f20 03d5 | 1fc3 81f2 | 1f60 85f2 | 2101 8012 

  0x0000020998d38df0: ; ImmutableOopMap {}
                      ;*arraylength {reexecute=0 rethrow=0 return_oop=0}
                      ; - java.util.HashMap::putMapEntries@83 (line 516)
                      ;   {runtime_call UncommonTrapBlob}
  0x0000020998d38df0: 646a dd97 

  0x0000020998d38df4: ;   {post_call_nop}
  0x0000020998d38df4: 1f20 03d5 | 9fc5 81f2 | 1f80 85f2 | e103 00aa | 2300 0014 | e103 00aa | 2100 0014 | 1f00 0014 
  0x0000020998d38e14: e103 00aa | 1e00 0014 | 1c00 0014 | e103 00aa | 1b00 0014 | e103 00aa | 1900 0014 | 1700 0014 
  0x0000020998d38e34: 1600 0014 | e103 00aa | 1500 0014 | e103 00aa | 1300 0014 | e103 00aa | 1100 0014 | 0f00 0014 
  0x0000020998d38e54: 0e00 0014 | 0d00 0014 | 0c00 0014 | 0b00 0014 | 0a00 0014 | e103 00aa | 0900 0014 | e103 00aa 
  0x0000020998d38e74: 0700 0014 | e103 00aa | 0500 0014 | e103 00aa | 0300 0014 | 0100 0014 | e103 00aa | fd7b 46a9 
  0x0000020998d38e94: ffc3 0191 

  0x0000020998d38e98: ;   {runtime_call C2 Runtime rethrow}
  0x0000020998d38e98: 4a71 dd17 | 4c01 40b9 | 8cf1 7dd3 | 0c9d ffb4 | 8f1f 40f9 | cf00 00b4 | ef21 00d1 | 8f1f 00f9 
  0x0000020998d38eb8: 8b23 40f9 | 6c69 2ff8 | e1fc ff17 | e12b bea9 | ed3b 01a9 | e003 0caa | e103 1caa | 08fe 9ad2 
  0x0000020998d38ed8: 48ae baf2 | 28ff cff2 | 0001 3fd6 | ed3b 41a9 | e12b c2a8 | d6fc ff17 | bf3b 03d5 | eb01 4039 
  0x0000020998d38ef8: eb9b ff34 | ff01 0039 | 8b2b 40f9 | cb00 00b4 | 6b21 00d1 | 8b2b 00f9 | 882f 40f9 | 0f69 2bf8 
  0x0000020998d38f18: d7fc ff17 | e137 bea9 | ee7f 01a9 | e003 0faa | e103 1caa | 08fb 9ad2 | 48ae baf2 | 28ff cff2 
  0x0000020998d38f38: 0001 3fd6 | ee7f 41a9 | e137 c2a8 | ccfc ff17 | 7101 40b9 | 31f2 7dd3 | 51a1 ffb4 | 811f 40f9 
  0x0000020998d38f58: c100 00b4 | 2120 00d1 | 811f 00f9 | 8423 40f9 | 9168 21f8 | 03fd ff17 | e00b bba9 | e32b 01a9 
  0x0000020998d38f78: eb33 02a9 | ed3b 03a9 | ef43 04a9 | e003 11aa | e103 1caa | 08fe 9ad2 | 48ae baf2 | 28ff cff2 
  0x0000020998d38f98: 0001 3fd6 | e32b 41a9 | eb33 42a9 | ed3b 43a9 | ef43 44a9 | e00b c5a8 | f2fc ff17 | bf3b 03d5 
  0x0000020998d38fb8: 2400 4039 | 849f ff34 | 3f00 0039 | 842b 40f9 | c400 00b4 | 8420 00d1 | 842b 00f9 | 882f 40f9 
  0x0000020998d38fd8: 0169 24f8 | f4fc ff17 | e00b bba9 | e32b 01a9 | eb33 02a9 | ed3b 03a9 | f07f 04a9 | e003 01aa 
  0x0000020998d38ff8: e103 1caa | 08fb 9ad2 | 48ae baf2 | 28ff cff2 | 0001 3fd6 | e32b 41a9 | eb33 42a9 | ed3b 43a9 
  0x0000020998d39018: f07f 44a9 | e00b c5a8 | e3fc ff17 | 4b01 40b9 | 6bf1 7dd3 | cb9f ffb4 | 8c1f 40f9 | cc00 00b4 
  0x0000020998d39038: 8c21 00d1 | 8c1f 00f9 | 8d23 40f9 | ab69 2cf8 | f7fc ff17 | e02b bfa9 | e003 0baa | e103 1caa 
  0x0000020998d39058: 08fe 9ad2 | 48ae baf2 | 28ff cff2 | 0001 3fd6 | e02b c1a8 | eefc ff17 | bf3b 03d5 | 8d01 4039 
  0x0000020998d39078: 0d9f ff34 | 9f01 0039 | 8d2b 40f9 | cd00 00b4 | ad21 00d1 | 8d2b 00f9 | 882f 40f9 | 0c69 2df8 
  0x0000020998d39098: f0fc ff17 | e003 0caa | e103 1caa | 08fb 9ad2 | 48ae baf2 | 28ff cff2 | 0001 3fd6 | e9fc ff17 
  0x0000020998d390b8: 6c01 40b9 | 8cf1 7dd3 | 0cad ffb4 | 8f1f 40f9 | cf00 00b4 | ef21 00d1 | 8f1f 00f9 | 8e23 40f9 
  0x0000020998d390d8: cc69 2ff8 | 61fd ff17 | e22b bda9 | eb37 01a9 | f07f 02a9 | e003 0caa | e103 1caa | 08fe 9ad2 
  0x0000020998d390f8: 48ae baf2 | 28ff cff2 | 0001 3fd6 | eb37 41a9 | f07f 42a9 | e22b c3a8 | 54fd ff17 | bf3b 03d5 
  0x0000020998d39118: ee01 4039 | ceab ff34 | ff01 0039 | 8e2b 40f9 | ce00 00b4 | ce21 00d1 | 8e2b 00f9 | 882f 40f9 
  0x0000020998d39138: 0f69 2ef8 | 56fd ff17 | e22b bea9 | ed7f 01a9 | e003 0faa | e103 1caa | 08fb 9ad2 | 48ae baf2 
  0x0000020998d39158: 28ff cff2 | 0001 3fd6 | ed7f 41a9 | e22b c2a8 | 4bfd ff17 | 4b01 40b9 | 6bf1 7dd3 | 4bb9 ffb4 
  0x0000020998d39178: 8c1f 40f9 | cc00 00b4 | 8c21 00d1 | 8c1f 00f9 | 8d23 40f9 | ab69 2cf8 | c3fd ff17 | e02b bfa9 
  0x0000020998d39198: e003 0baa | e103 1caa | 08fe 9ad2 | 48ae baf2 | 28ff cff2 | 0001 3fd6 | e02b c1a8 | bafd ff17 
  0x0000020998d391b8: bf3b 03d5 | 8d01 4039 | 8db8 ff34 | 9f01 0039 | 8d2b 40f9 | cd00 00b4 | ad21 00d1 | 8d2b 00f9 
  0x0000020998d391d8: 882f 40f9 | 0c69 2df8 | bcfd ff17 | e003 0caa | e103 1caa | 08fb 9ad2 | 48ae baf2 | 28ff cff2 
  0x0000020998d391f8: 0001 3fd6 | b5fd ff17 

  0x0000020998d39200: ;   {internal_word}
  0x0000020998d39200: 088a ff10 | 8873 02f9 

  0x0000020998d39208: ;   {runtime_call SafepointBlob}
  0x0000020998d39208: 9e0e da17 

  0x0000020998d3920c: ;   {runtime_call Stub::method_entry_barrier}
  0x0000020998d3920c: 0830 88d2 | 8807 b3f2 | 2841 c0f2 | 0001 3fd6 | cafb ff17 

  0x0000020998d39220: ;   {entry_guard}
  0x0000020998d39220: 3500 0000 | 0000 0000 
[Stub Code]
  0x0000020998d39228: ;   {trampoline_stub}
  0x0000020998d39228: 4800 0058 | 0001 1fd6 | 5873 4998 | 0902 0000 

  0x0000020998d39238: ;   {trampoline_stub}
  0x0000020998d39238: 4800 0058 | 0001 1fd6 | e074 4998 | 0902 0000 

  0x0000020998d39248: ;   {trampoline_stub}
  0x0000020998d39248: 4800 0058 | 0001 1fd6 | 5873 4998 | 0902 0000 

  0x0000020998d39258: ;   {trampoline_stub}
  0x0000020998d39258: 4800 0058 | 0001 1fd6 | 0874 4998 | 0902 0000 

  0x0000020998d39268: ;   {trampoline_stub}
  0x0000020998d39268: 4800 0058 | 0001 1fd6 | 0877 4998 | 0902 0000 

  0x0000020998d39278: ;   {trampoline_stub}
  0x0000020998d39278: 4800 0058 | 0001 1fd6 | 4872 4998 | 0902 0000 

  0x0000020998d39288: ;   {trampoline_stub}
  0x0000020998d39288: 4800 0058 | 0001 1fd6 | a0e4 cb98 | 0902 0000 

  0x0000020998d39298: ;   {trampoline_stub}
  0x0000020998d39298: 4800 0058 | 0001 1fd6 | e893 d398 | 0902 0000 

  0x0000020998d392a8: ;   {trampoline_stub}
  0x0000020998d392a8: 4800 0058 | 0001 1fd6 | b874 4998 | 0902 0000 

  0x0000020998d392b8: ;   {trampoline_stub}
  0x0000020998d392b8: 4800 0058 | 0001 1fd6 | e0f4 be98 | 0902 0000 

  0x0000020998d392c8: ;   {trampoline_stub}
  0x0000020998d392c8: 4800 0058 | 0001 1fd6 | b874 4998 | 0902 0000 

  0x0000020998d392d8: ;   {trampoline_stub}
  0x0000020998d392d8: 4800 0058 | 0001 1fd6 | a094 599a | 0902 0000 

  0x0000020998d392e8: ;   {trampoline_stub}
  0x0000020998d392e8: 4800 0058 | 0001 1fd6 | e0f4 be98 | 0902 0000 

  0x0000020998d392f8: ;   {trampoline_stub}
  0x0000020998d392f8: 4800 0058 | 0001 1fd6 | e0b3 b098 | 0902 0000 

  0x0000020998d39308: ;   {static_stub}
  0x0000020998d39308: df3f 03d5 

  0x0000020998d3930c: ;   {metadata(nullptr)}
  0x0000020998d3930c: 0c00 80d2 | 0c00 a0f2 | 0c00 c0f2 | 0800 80d2 | 0800 a0f2 | 0800 c0f2 | 0001 1fd6 

  0x0000020998d39328: ;   {trampoline_stub}
  0x0000020998d39328: 4800 0058 | 0001 1fd6 | 5873 4998 | 0902 0000 

  0x0000020998d39338: ;   {trampoline_stub}
  0x0000020998d39338: 4800 0058 | 0001 1fd6 | a0e4 cb98 | 0902 0000 

  0x0000020998d39348: ;   {trampoline_stub}
  0x0000020998d39348: 4800 0058 | 0001 1fd6 | 2072 4998 | 0902 0000 

  0x0000020998d39358: ;   {trampoline_stub}
  0x0000020998d39358: 4800 0058 | 0001 1fd6 | 9027 4c98 | 0902 0000 

  0x0000020998d39368: ;   {trampoline_stub}
  0x0000020998d39368: 4800 0058 | 0001 1fd6 | 8075 4998 | 0902 0000 

  0x0000020998d39378: ;   {trampoline_stub}
  0x0000020998d39378: 4800 0058 | 0001 1fd6 | d071 4998 | 0902 0000 

  0x0000020998d39388: ;   {trampoline_stub}
  0x0000020998d39388: 4800 0058 | 0001 1fd6 | 2072 4998 | 0902 0000 

  0x0000020998d39398: ;   {trampoline_stub}
  0x0000020998d39398: 4800 0058 | 0001 1fd6 | e0f4 be98 | 0902 0000 

  0x0000020998d393a8: ;   {static_stub}
  0x0000020998d393a8: df3f 03d5 

  0x0000020998d393ac: ;   {metadata(nullptr)}
  0x0000020998d393ac: 0c00 80d2 | 0c00 a0f2 | 0c00 c0f2 | 0800 80d2 | 0800 a0f2 | 0800 c0f2 | 0001 1fd6 

  0x0000020998d393c8: ;   {static_stub}
  0x0000020998d393c8: df3f 03d5 

  0x0000020998d393cc: ;   {metadata(nullptr)}
  0x0000020998d393cc: 0c00 80d2 | 0c00 a0f2 | 0c00 c0f2 | 0800 80d2 | 0800 a0f2 | 0800 c0f2 | 0001 1fd6 

  0x0000020998d393e8: ;   {static_stub}
  0x0000020998d393e8: df3f 03d5 

  0x0000020998d393ec: ;   {metadata({method} {0x00001c00002cc348} 'putTreeVal' '(Ljava/util/HashMap;[Ljava/util/HashMap$Node;ILjava/lang/Object;Ljava/lang/Object;)Ljava/util/HashMap$TreeNode;' in 'java/util/HashMap$TreeNode')}
  0x0000020998d393ec: 0c68 98d2 | 8c05 a0f2 | 0c80 c3f2 | 88ab 89d2 | 2809 b3f2 | 2841 c0f2 | 0001 1fd6 

  0x0000020998d39408: ;   {static_stub}
  0x0000020998d39408: df3f 03d5 

  0x0000020998d3940c: ;   {metadata(nullptr)}
  0x0000020998d3940c: 0c00 80d2 | 0c00 a0f2 | 0c00 c0f2 | 0800 80d2 | 0800 a0f2 | 0800 c0f2 | 0001 1fd6 
[Exception Handler]
  0x0000020998d39428: ;   {runtime_call ExceptionBlob}
  0x0000020998d39428: 9669 dd17 
[Deopt Handler Code]
  0x0000020998d3942c: 1e00 0010 

  0x0000020998d39430: ;   {runtime_call DeoptimizationBlob}
  0x0000020998d39430: 940e da17 | 0000 0000 
[/MachCode]


---------------  P R O C E S S  ---------------

Threads class SMR info:
_java_thread_list=0x00000209ce2e4d60, length=113, elements={
0x00000209861dd9a0, 0x0000020986794240, 0x00000209867949f0, 0x00000209867efc60,
0x00000209867f12a0, 0x0000020986861710, 0x0000020986860f50, 0x00000209867f9030,
0x00000209867fbcf0, 0x0000020986b45ee0, 0x0000020986b466a0, 0x0000020986b49ce0,
0x00000209b8bfaee0, 0x00000209b8bf8820, 0x00000209b8bf9f60, 0x00000209b8bfdd60,
0x00000209b8bfece0, 0x00000209b8bf97a0, 0x00000209b8bfc620, 0x00000209b8bf8fe0,
0x00000209b93a6060, 0x00000209b93aa620, 0x00000209b93a8720, 0x00000209b93ad4a0,
0x00000209b97f4de0, 0x00000209b97f6520, 0x00000209b97f2720, 0x00000209b97f4620,
0x00000209b9d66720, 0x00000209b9d64fe0, 0x00000209b9d68de0, 0x00000209b9d69d60,
0x0000020986b485a0, 0x00000209bca25720, 0x00000209bca266a0, 0x00000209bca26e60,
0x00000209bca27620, 0x00000209bca27de0, 0x00000209bca285a0, 0x00000209bca29ce0,
0x00000209bca2a4a0, 0x0000020986bd0fe0, 0x0000020986bd5d60, 0x00000209b9d3fce0,
0x00000209b9d3a7a0, 0x00000209b9d3dde0, 0x00000209bdcd4970, 0x00000209bdcd60b0,
0x00000209bdcd1af0, 0x00000209bb086070, 0x00000209bb089e70, 0x00000209bb0877b0,
0x00000209bb087f70, 0x00000209bb086830, 0x00000209bb088730, 0x00000209bb08a630,
0x00000209bb08adf0, 0x00000209bb08b5b0, 0x00000209bb091a70, 0x00000209bb0950b0,
0x00000209bb08fb70, 0x00000209bb08f3b0, 0x00000209bd1d8f70, 0x00000209bd1d9730,
0x00000209bd1d9ef0, 0x00000209bd1dcd70, 0x00000209bd1de4b0, 0x00000209c3f25ef0,
0x00000209c3f24f70, 0x00000209c3f266b0, 0x00000209c3f27630, 0x00000209c3f29530,
0x00000209c3f31130, 0x00000209c3f2f9f0, 0x00000209bdcd58f0, 0x00000209bc3037b0,
0x00000209bc304730, 0x00000209bc305e70, 0x00000209bc306630, 0x00000209b9d39820,
0x00000209b9d39060, 0x00000209c3f28d70, 0x00000209c3f2d330, 0x00000209c3f2e2b0,
0x00000209c3f2f230, 0x00000209c3f320b0, 0x00000209c3f301b0, 0x00000209c3f2bbf0,
0x00000209c3f2cb70, 0x00000209bc308530, 0x00000209bc3094b0, 0x00000209bc30a430,
0x00000209bc302830, 0x00000209bdccd530, 0x00000209bdcd0b70, 0x00000209b93a9e60,
0x00000209b9d3c6a0, 0x00000209e7226ea0, 0x00000209bdccae70, 0x00000209bb866800,
0x00000209eb3d6fe0, 0x00000209eb3ddc60, 0x00000209e7224fa0, 0x00000209e72266e0,
0x00000209e72420a0, 0x00000209e7229d20, 0x00000209bca23060, 0x00000209eb3e0ae0,
0x00000209eb3e12a0, 0x00000209eb3e48e0, 0x00000209eb3dcce0, 0x00000209eb3d12e0,
0x00000209bd1e0b70
}

Java Threads: ( => current thread )
  0x00000209861dd9a0 JavaThread "main"                              [_thread_blocked, id=21432, stack(0x0000009042d00000,0x0000009042e00000) (1024K)]
  0x0000020986794240 JavaThread "Reference Handler"          daemon [_thread_blocked, id=19372, stack(0x0000009043500000,0x0000009043600000) (1024K)]
  0x00000209867949f0 JavaThread "Finalizer"                  daemon [_thread_blocked, id=5708, stack(0x0000009043600000,0x0000009043700000) (1024K)]
  0x00000209867efc60 JavaThread "Signal Dispatcher"          daemon [_thread_blocked, id=6740, stack(0x0000009043700000,0x0000009043800000) (1024K)]
  0x00000209867f12a0 JavaThread "Attach Listener"            daemon [_thread_blocked, id=19948, stack(0x0000009043800000,0x0000009043900000) (1024K)]
  0x0000020986861710 JavaThread "Service Thread"             daemon [_thread_blocked, id=11400, stack(0x0000009043900000,0x0000009043a00000) (1024K)]
  0x0000020986860f50 JavaThread "Monitor Deflation Thread"   daemon [_thread_blocked, id=13024, stack(0x0000009043a00000,0x0000009043b00000) (1024K)]
  0x00000209867f9030 JavaThread "C2 CompilerThread0"         daemon [_thread_blocked, id=19512, stack(0x0000009043b00000,0x0000009043c00000) (1024K)]
  0x00000209867fbcf0 JavaThread "C1 CompilerThread0"         daemon [_thread_blocked, id=5844, stack(0x0000009043c00000,0x0000009043d00000) (1024K)]
  0x0000020986b45ee0 JavaThread "Common-Cleaner"             daemon [_thread_blocked, id=2832, stack(0x0000009043d00000,0x0000009043e00000) (1024K)]
  0x0000020986b466a0 JavaThread "Notification Thread"        daemon [_thread_blocked, id=8516, stack(0x0000009043e00000,0x0000009043f00000) (1024K)]
  0x0000020986b49ce0 JavaThread "Daemon health stats"               [_thread_blocked, id=10540, stack(0x0000009044500000,0x0000009044600000) (1024K)]
  0x00000209b8bfaee0 JavaThread "Incoming local TCP Connector on port 8668"        [_thread_in_native, id=16796, stack(0x0000009044600000,0x0000009044700000) (1024K)]
  0x00000209b8bf8820 JavaThread "Daemon periodic checks"            [_thread_blocked, id=6592, stack(0x0000009044700000,0x0000009044800000) (1024K)]
  0x00000209b8bf9f60 JavaThread "Daemon"                            [_thread_blocked, id=5508, stack(0x0000009044800000,0x0000009044900000) (1024K)]
  0x00000209b8bfdd60 JavaThread "Handler for socket connection from /127.0.0.1:8668 to /127.0.0.1:8669"        [_thread_in_native, id=19228, stack(0x0000009044900000,0x0000009044a00000) (1024K)]
  0x00000209b8bfece0 JavaThread "Cancel handler"                    [_thread_blocked, id=2280, stack(0x0000009044a00000,0x0000009044b00000) (1024K)]
  0x00000209b8bf97a0 JavaThread "Daemon worker"                     [_thread_blocked, id=884, stack(0x0000009044b00000,0x0000009044c00000) (1024K)]
  0x00000209b8bfc620 JavaThread "Asynchronous log dispatcher for DefaultDaemonConnection: socket connection from /127.0.0.1:8668 to /127.0.0.1:8669"        [_thread_blocked, id=18388, stack(0x0000009044c00000,0x0000009044d00000) (1024K)]
  0x00000209b8bf8fe0 JavaThread "Stdin handler"                     [_thread_blocked, id=16140, stack(0x0000009044d00000,0x0000009044e00000) (1024K)]
  0x00000209b93a6060 JavaThread "Daemon client event forwarder"        [_thread_blocked, id=21296, stack(0x0000009044e00000,0x0000009044f00000) (1024K)]
  0x00000209b93aa620 JavaThread "Cache worker for journal cache (C:\Users\M7 Surface\.gradle\caches\journal-1)"        [_thread_blocked, id=18576, stack(0x0000009044f00000,0x0000009045000000) (1024K)]
  0x00000209b93a8720 JavaThread "File lock request listener"        [_thread_in_native, id=17668, stack(0x0000009045000000,0x0000009045100000) (1024K)]
  0x00000209b93ad4a0 JavaThread "Cache worker for file hash cache (C:\Users\M7 Surface\.gradle\caches\9.4.1\fileHashes)"        [_thread_blocked, id=13012, stack(0x0000009045100000,0x0000009045200000) (1024K)]
  0x00000209b97f4de0 JavaThread "Cache worker for file hash cache (C:\Users\M7 Surface\Documents\Nuvio Enhanced v2\.gradle\9.4.1\fileHashes)"        [_thread_blocked, id=4172, stack(0x0000009045700000,0x0000009045800000) (1024K)]
  0x00000209b97f6520 JavaThread "Cache worker for checksums cache (C:\Users\M7 Surface\Documents\Nuvio Enhanced v2\.gradle\9.4.1\checksums)"        [_thread_blocked, id=20848, stack(0x0000009045800000,0x0000009045900000) (1024K)]
  0x00000209b97f2720 JavaThread "Cache worker for Build Output Cleanup Cache (C:\Users\M7 Surface\Documents\Nuvio Enhanced v2\.gradle\buildOutputCleanup)"        [_thread_blocked, id=11180, stack(0x0000009045900000,0x0000009045a00000) (1024K)]
  0x00000209b97f4620 JavaThread "Cache worker for file content cache (C:\Users\M7 Surface\.gradle\caches\9.4.1\fileContent)"        [_thread_blocked, id=4492, stack(0x0000009045a00000,0x0000009045b00000) (1024K)]
  0x00000209b9d66720 JavaThread "File watcher server"        daemon [_thread_in_native, id=2788, stack(0x0000009045b00000,0x0000009045c00000) (1024K)]
  0x00000209b9d64fe0 JavaThread "File watcher consumer"      daemon [_thread_blocked, id=18700, stack(0x0000009045c00000,0x0000009045d00000) (1024K)]
  0x00000209b9d68de0 JavaThread "Cache worker for cache directory md-supplier (C:\Users\M7 Surface\.gradle\caches\9.4.1\md-supplier)"        [_thread_blocked, id=16072, stack(0x0000009045d00000,0x0000009045e00000) (1024K)]
  0x00000209b9d69d60 JavaThread "Cache worker for cache directory md-rule (C:\Users\M7 Surface\.gradle\caches\9.4.1\md-rule)"        [_thread_blocked, id=12944, stack(0x0000009045e00000,0x0000009045f00000) (1024K)]
  0x0000020986b485a0 JavaThread "Configuration cache report writer"        [_thread_blocked, id=7468, stack(0x0000009045f00000,0x0000009046000000) (1024K)]
  0x00000209bca25720 JavaThread "Build operations"                  [_thread_blocked, id=6484, stack(0x0000009044400000,0x0000009044500000) (1024K)]
  0x00000209bca266a0 JavaThread "Build operations Thread 2"         [_thread_blocked, id=5172, stack(0x0000009045500000,0x0000009045600000) (1024K)]
  0x00000209bca26e60 JavaThread "Build operations Thread 3"         [_thread_blocked, id=20380, stack(0x0000009046000000,0x0000009046100000) (1024K)]
  0x00000209bca27620 JavaThread "Build operations Thread 4"         [_thread_blocked, id=12308, stack(0x0000009046100000,0x0000009046200000) (1024K)]
  0x00000209bca27de0 JavaThread "Build operations Thread 5"         [_thread_blocked, id=17872, stack(0x0000009046200000,0x0000009046300000) (1024K)]
  0x00000209bca285a0 JavaThread "Build operations Thread 6"         [_thread_blocked, id=22232, stack(0x0000009046300000,0x0000009046400000) (1024K)]
  0x00000209bca29ce0 JavaThread "Build operations Thread 7"         [_thread_blocked, id=11572, stack(0x0000009046400000,0x0000009046500000) (1024K)]
  0x00000209bca2a4a0 JavaThread "Build operations Thread 8"         [_thread_blocked, id=12184, stack(0x0000009046500000,0x0000009046600000) (1024K)]
  0x0000020986bd0fe0 JavaThread "Build operations Thread 9"         [_thread_blocked, id=14856, stack(0x0000009046600000,0x0000009046700000) (1024K)]
  0x0000020986bd5d60 JavaThread "Build operations Thread 10"        [_thread_blocked, id=16340, stack(0x0000009046900000,0x0000009046a00000) (1024K)]
  0x00000209b9d3fce0 JavaThread "Memory manager"                    [_thread_blocked, id=3852, stack(0x0000009046a00000,0x0000009046b00000) (1024K)]
  0x00000209b9d3a7a0 JavaThread "build event listener"              [_thread_blocked, id=6996, stack(0x0000009046b00000,0x0000009046c00000) (1024K)]
  0x00000209b9d3dde0 JavaThread "build event listener"              [_thread_blocked, id=20992, stack(0x0000009046c00000,0x0000009046d00000) (1024K)]
  0x00000209bdcd4970 JavaThread "Problems report writer"            [_thread_blocked, id=2140, stack(0x0000009046800000,0x0000009046900000) (1024K)]
  0x00000209bdcd60b0 JavaThread "build event listener"              [_thread_blocked, id=22620, stack(0x0000009046e00000,0x0000009046f00000) (1024K)]
  0x00000209bdcd1af0 JavaThread "included builds"                   [_thread_blocked, id=17368, stack(0x0000009046f00000,0x0000009047000000) (1024K)]
  0x00000209bb086070 JavaThread "Execution worker"                  [_thread_blocked, id=17900, stack(0x0000009047000000,0x0000009047100000) (1024K)]
  0x00000209bb089e70 JavaThread "Execution worker Thread 2"         [_thread_blocked, id=17980, stack(0x0000009047100000,0x0000009047200000) (1024K)]
  0x00000209bb0877b0 JavaThread "Execution worker Thread 3"         [_thread_blocked, id=15004, stack(0x0000009047200000,0x0000009047300000) (1024K)]
  0x00000209bb087f70 JavaThread "Execution worker Thread 4"         [_thread_blocked, id=17348, stack(0x0000009047300000,0x0000009047400000) (1024K)]
  0x00000209bb086830 JavaThread "Execution worker Thread 5"         [_thread_blocked, id=23184, stack(0x0000009047400000,0x0000009047500000) (1024K)]
  0x00000209bb088730 JavaThread "Execution worker Thread 6"         [_thread_blocked, id=11832, stack(0x0000009047500000,0x0000009047600000) (1024K)]
  0x00000209bb08a630 JavaThread "Execution worker Thread 7"         [_thread_blocked, id=19668, stack(0x0000009047600000,0x0000009047700000) (1024K)]
  0x00000209bb08adf0 JavaThread "Execution worker Thread 8"         [_thread_blocked, id=10708, stack(0x0000009047700000,0x0000009047800000) (1024K)]
  0x00000209bb08b5b0 JavaThread "Execution worker Thread 9"         [_thread_blocked, id=19832, stack(0x0000009047800000,0x0000009047900000) (1024K)]
  0x00000209bb091a70 JavaThread "Cache worker for execution history cache (C:\Users\M7 Surface\Documents\Nuvio Enhanced v2\.gradle\9.4.1\executionHistory)"        [_thread_blocked, id=19704, stack(0x0000009047900000,0x0000009047a00000) (1024K)]
  0x00000209bb0950b0 JavaThread "WorkerExecutor Queue"              [_thread_blocked, id=20736, stack(0x0000009047a00000,0x0000009047b00000) (1024K)]
  0x00000209bb08fb70 JavaThread "WorkerExecutor Queue Thread 2"        [_thread_blocked, id=18780, stack(0x0000009047b00000,0x0000009047c00000) (1024K)]
  0x00000209bb08f3b0 JavaThread "WorkerExecutor Queue Thread 3"        [_thread_blocked, id=5924, stack(0x0000009047c00000,0x0000009047d00000) (1024K)]
  0x00000209bd1d8f70 JavaThread "WorkerExecutor Queue Thread 5"        [_thread_blocked, id=12636, stack(0x0000009047e00000,0x0000009047f00000) (1024K)]
  0x00000209bd1d9730 JavaThread "WorkerExecutor Queue Thread 7"        [_thread_blocked, id=18796, stack(0x0000009048000000,0x0000009048100000) (1024K)]
  0x00000209bd1d9ef0 JavaThread "WorkerExecutor Queue Thread 8"        [_thread_blocked, id=11380, stack(0x0000009048100000,0x0000009048200000) (1024K)]
=>0x00000209bd1dcd70 JavaThread "WorkerExecutor Queue Thread 10"        [_thread_in_Java, id=22740, stack(0x0000009048300000,0x0000009048400000) (1024K)]
  0x00000209bd1de4b0 JavaThread "WorkerExecutor Queue Thread 11"        [_thread_blocked, id=9848, stack(0x0000009048400000,0x0000009048500000) (1024K)]
  0x00000209c3f25ef0 JavaThread "RMI Scheduler(0)"           daemon [_thread_blocked, id=3624, stack(0x0000009047d00000,0x0000009047e00000) (1024K)]
  0x00000209c3f24f70 JavaThread "RMI GC Daemon"              daemon [_thread_blocked, id=14384, stack(0x0000009048600000,0x0000009048700000) (1024K)]
  0x00000209c3f266b0 JavaThread "RMI TCP Accept-0"           daemon [_thread_in_native, id=14832, stack(0x0000009048700000,0x0000009048800000) (1024K)]
  0x00000209c3f27630 JavaThread "RMI Reaper"                        [_thread_blocked, id=17056, stack(0x0000009048800000,0x0000009048900000) (1024K)]
  0x00000209c3f29530 JavaThread "WorkerExecutor Queue Thread 12"        [_thread_blocked, id=17752, stack(0x0000009048a00000,0x0000009048b00000) (1024K)]
  0x00000209c3f31130 JavaThread "pool-3-thread-1"                   [_thread_blocked, id=5144, stack(0x0000009048200000,0x0000009048300000) (1024K)]
  0x00000209c3f2f9f0 JavaThread "stderr"                            [_thread_in_native, id=18504, stack(0x0000009048b00000,0x0000009048c00000) (1024K)]
  0x00000209bdcd58f0 JavaThread "stdout"                            [_thread_in_native, id=4636, stack(0x0000009048c00000,0x0000009048d00000) (1024K)]
  0x00000209bc3037b0 JavaThread "stderr"                            [_thread_in_native, id=21580, stack(0x0000009048d00000,0x0000009048e00000) (1024K)]
  0x00000209bc304730 JavaThread "stdout"                            [_thread_in_native, id=7560, stack(0x0000009048e00000,0x0000009048f00000) (1024K)]
  0x00000209bc305e70 JavaThread "stderr"                            [_thread_in_native, id=18568, stack(0x0000009048f00000,0x0000009049000000) (1024K)]
  0x00000209bc306630 JavaThread "stdout"                            [_thread_in_native, id=4224, stack(0x0000009049000000,0x0000009049100000) (1024K)]
  0x00000209b9d39820 JavaThread "DefaultDispatcher-worker-1" daemon [_thread_blocked, id=10824, stack(0x0000009046d00000,0x0000009046e00000) (1024K)]
  0x00000209b9d39060 JavaThread "DefaultDispatcher-worker-2" daemon [_thread_blocked, id=22432, stack(0x0000009048500000,0x0000009048600000) (1024K)]
  0x00000209c3f28d70 JavaThread "DefaultDispatcher-worker-3" daemon [_thread_blocked, id=20916, stack(0x0000009048900000,0x0000009048a00000) (1024K)]
  0x00000209c3f2d330 JavaThread "DefaultDispatcher-worker-4" daemon [_thread_blocked, id=20520, stack(0x0000009049100000,0x0000009049200000) (1024K)]
  0x00000209c3f2e2b0 JavaThread "ForkJoinPool-1-worker-1"    daemon [_thread_blocked, id=21520, stack(0x0000009042c00000,0x0000009042d00000) (1024K)]
  0x00000209c3f2f230 JavaThread "ForkJoinPool-1-worker-2"    daemon [_thread_blocked, id=6148, stack(0x0000009046700000,0x0000009046800000) (1024K)]
  0x00000209c3f320b0 JavaThread "ForkJoinPool-1-worker-3"    daemon [_thread_blocked, id=16824, stack(0x0000009049200000,0x0000009049300000) (1024K)]
  0x00000209c3f301b0 JavaThread "ForkJoinPool-1-worker-4"    daemon [_thread_blocked, id=17156, stack(0x0000009049300000,0x0000009049400000) (1024K)]
  0x00000209c3f2bbf0 JavaThread "ForkJoinPool-1-worker-5"    daemon [_thread_blocked, id=12180, stack(0x0000009049400000,0x0000009049500000) (1024K)]
  0x00000209c3f2cb70 JavaThread "ForkJoinPool-1-worker-6"    daemon [_thread_blocked, id=13812, stack(0x0000009049500000,0x0000009049600000) (1024K)]
  0x00000209bc308530 JavaThread "ForkJoinPool-1-worker-7"    daemon [_thread_blocked, id=14620, stack(0x0000009049600000,0x0000009049700000) (1024K)]
  0x00000209bc3094b0 JavaThread "ForkJoinPool-1-worker-8"    daemon [_thread_blocked, id=19232, stack(0x0000009049700000,0x0000009049800000) (1024K)]
  0x00000209bc30a430 JavaThread "ForkJoinPool-1-worker-9"    daemon [_thread_blocked, id=1860, stack(0x0000009049800000,0x0000009049900000) (1024K)]
  0x00000209bc302830 JavaThread "ForkJoinPool-1-worker-10"   daemon [_thread_blocked, id=22580, stack(0x0000009049900000,0x0000009049a00000) (1024K)]
  0x00000209bdccd530 JavaThread "Periodic tasks thread"      daemon [_thread_blocked, id=17820, stack(0x0000009049c00000,0x0000009049d00000) (1024K)]
  0x00000209bdcd0b70 JavaThread "ApplicationImpl pooled thread 1"        [_thread_blocked, id=3532, stack(0x0000009049d00000,0x0000009049e00000) (1024K)]
  0x00000209b93a9e60 JavaThread "Java2D Disposer"            daemon [_thread_blocked, id=21564, stack(0x0000009049f00000,0x000000904a000000) (1024K)]
  0x00000209b9d3c6a0 JavaThread "AWT-Windows"                daemon [_thread_in_native, id=11176, stack(0x000000904a100000,0x000000904a200000) (1024K)]
  0x00000209e7226ea0 JavaThread "WorkerExecutor Queue Thread 13"        [_thread_blocked, id=17856, stack(0x000000904a300000,0x000000904a400000) (1024K)]
  0x00000209bdccae70 JavaThread "ApplicationImpl pooled thread 2"        [_thread_blocked, id=5740, stack(0x000000904a000000,0x000000904a100000) (1024K)]
  0x00000209bb866800 JavaThread "C2 CompilerThread1"         daemon [_thread_blocked, id=14128, stack(0x0000009042a00000,0x0000009042b00000) (1024K)]
  0x00000209eb3d6fe0 JavaThread "stderr"                            [_thread_in_native, id=21496, stack(0x0000009049b00000,0x0000009049c00000) (1024K)]
  0x00000209eb3ddc60 JavaThread "stdout"                            [_thread_in_native, id=15456, stack(0x0000009049e00000,0x0000009049f00000) (1024K)]
  0x00000209e7224fa0 JavaThread "AWT-Shutdown"                      [_thread_blocked, id=14816, stack(0x000000904a400000,0x000000904a500000) (1024K)]
  0x00000209e72266e0 JavaThread "ForkJoinPool-2-worker-1"    daemon [_thread_blocked, id=21940, stack(0x000000904a200000,0x000000904a300000) (1024K)]
  0x00000209e72420a0 JavaThread "ForkJoinPool-2-worker-2"    daemon [_thread_blocked, id=2220, stack(0x000000904a500000,0x000000904a600000) (1024K)]
  0x00000209e7229d20 JavaThread "ForkJoinPool-2-worker-3"    daemon [_thread_blocked, id=21596, stack(0x000000904a600000,0x000000904a700000) (1024K)]
  0x00000209bca23060 JavaThread "ForkJoinPool-2-worker-4"    daemon [_thread_blocked, id=19536, stack(0x000000904a700000,0x000000904a800000) (1024K)]
  0x00000209eb3e0ae0 JavaThread "ForkJoinPool-2-worker-6"    daemon [_thread_blocked, id=12620, stack(0x000000904a800000,0x000000904a900000) (1024K)]
  0x00000209eb3e12a0 JavaThread "ForkJoinPool-2-worker-8"    daemon [_thread_blocked, id=8156, stack(0x000000904a900000,0x000000904aa00000) (1024K)]
  0x00000209eb3e48e0 JavaThread "ForkJoinPool-2-worker-7"    daemon [_thread_blocked, id=18260, stack(0x000000904aa00000,0x000000904ab00000) (1024K)]
  0x00000209eb3dcce0 JavaThread "ForkJoinPool-2-worker-9"    daemon [_thread_blocked, id=10656, stack(0x000000904ab00000,0x000000904ac00000) (1024K)]
  0x00000209eb3d12e0 JavaThread "ForkJoinPool-2-worker-10"   daemon [_thread_blocked, id=3872, stack(0x000000904ac00000,0x000000904ad00000) (1024K)]
  0x00000209bd1e0b70 JavaThread "ForkJoinPool-2-worker-5"    daemon [_thread_blocked, id=3100, stack(0x000000904ad00000,0x000000904ae00000) (1024K)]
Total: 113

Other Threads:
  0x000002098613e050 VMThread "VM Thread"                           [id=6056, stack(0x0000009043400000,0x0000009043500000) (1024K)]
  0x0000020986773310 WatcherThread "VM Periodic Task Thread"        [id=17136, stack(0x0000009043300000,0x0000009043400000) (1024K)]
  0x00000209866558b0 WorkerThread "GC Thread#0"                     [id=22396, stack(0x0000009042e00000,0x0000009042f00000) (1024K)]
  0x00000209b71e9490 WorkerThread "GC Thread#1"                     [id=11696, stack(0x0000009043f00000,0x0000009044000000) (1024K)]
  0x0000020986bf1be0 WorkerThread "GC Thread#2"                     [id=16768, stack(0x0000009044000000,0x0000009044100000) (1024K)]
  0x0000020986bf0f20 WorkerThread "GC Thread#3"                     [id=10800, stack(0x0000009044100000,0x0000009044200000) (1024K)]
  0x0000020986beed20 WorkerThread "GC Thread#4"                     [id=20864, stack(0x0000009044200000,0x0000009044300000) (1024K)]
  0x0000020986bf1360 WorkerThread "GC Thread#5"                     [id=10852, stack(0x0000009044300000,0x0000009044400000) (1024K)]
  0x00000209b9a65de0 WorkerThread "GC Thread#6"                     [id=18508, stack(0x0000009045200000,0x0000009045300000) (1024K)]
  0x00000209b9a66220 WorkerThread "GC Thread#7"                     [id=11220, stack(0x0000009045300000,0x0000009045400000) (1024K)]
  0x00000209b9a66660 WorkerThread "GC Thread#8"                     [id=21360, stack(0x0000009045400000,0x0000009045500000) (1024K)]
  0x0000020986677770 ConcurrentGCThread "G1 Main Marker"            [id=15604, stack(0x0000009042f00000,0x0000009043000000) (1024K)]
  0x0000020986741170 WorkerThread "G1 Conc#0"                       [id=16388, stack(0x0000009043000000,0x0000009043100000) (1024K)]
  0x00000209b9a63be0 WorkerThread "G1 Conc#1"                       [id=8640, stack(0x0000009045600000,0x0000009045700000) (1024K)]
  0x00000209866323c0 ConcurrentGCThread "G1 Refine#0"               [id=22604, stack(0x0000009043100000,0x0000009043200000) (1024K)]
  0x0000020986632c90 ConcurrentGCThread "G1 Service"                [id=13344, stack(0x0000009043200000,0x0000009043300000) (1024K)]
Total: 16

Threads with active compile tasks:
Total: 0

VM state: not at safepoint (normal execution)

VM Mutex/Monitor currently owned by a thread: None

Heap address: 0x0000000500000000, size: 12288 MB, Compressed Oops mode: Zero based, Oop shift amount: 3

CDS archive(s) mapped at: [0x00001c0000000000-0x00001c0000dd0000-0x00001c0000dd0000), size 14483456, SharedBaseAddress: 0x00001c0000000000, ArchiveRelocationMode: 1.
Compressed class space mapped at: 0x00001c0001000000-0x00001c0041000000, reserved size: 1073741824
UseCompressedClassPointers 1, UseCompactObjectHeaders 0
Narrow klass pointer bits 32, Max shift 3
Narrow klass base: 0x00001c0000000000, Narrow klass shift: 0
Encoding Range: [0x00001c0000000000 - 0x00001c0100000000), (4294967296 bytes)
Klass Range:    [0x00001c0000010000 - 0x00001c0041000000), (1090453504 bytes)
Klass ID Range:  [65536 - 1090519033) (1090453497)
Protection zone: [0x00001c0000000000 - 0x00001c0000010000), (65536 bytes)

GC Precious Log:
 CardTable entry size: 512
 Card Set container configuration: InlinePtr #cards 4 size 8 Array Of Cards #cards 64 size 144 Howl #buckets 8 coarsen threshold 14745 Howl Bitmap #cards 2048 size 272 coarsen threshold 1843 Card regions per heap region 1 cards per card region 16384
 CPUs: 10 total, 10 available
 Memory: 15979M
 Large Page Support: Disabled
 NUMA Support: Disabled
 Compressed Oops: Enabled (Zero based)
 Heap Region Size: 8M
 Heap Min Capacity: 8M
 Heap Initial Capacity: 256M
 Heap Max Capacity: 12G
 Pre-touch: Disabled
 Parallel Workers: 9
 Concurrent Workers: 2
 Concurrent Refinement Workers: 9
 Periodic GC: Disabled
 G1 Time-Based Heap Sizing enabled (uncommit-only)
 Evaluation Interval: 60s, Uncommit Delay: 300s, Min Regions To Uncommit: 10

Heap:
 garbage-first heap   total reserved 12582912K, committed 8232960K, used 6532194K [0x0000000500000000, 0x0000000800000000)
  region size 8192K, 506 young (4145152K), 45 survivors (368640K)

Heap Regions: E=young(eden), S=young(survivor), O=old, HS=humongous(starts), HC=humongous(continues), CS=collection set, F=free, TAMS=top-at-mark-start, PB=parsable bottom
|   0|0x0000000500000000, 0x0000000500800000, 0x0000000500800000|100%| O|  |TAMS 0x0000000500000000| PB 0x0000000500000000| Untracked |  0
|   1|0x0000000500800000, 0x0000000501000000, 0x0000000501000000|100%| O|  |TAMS 0x0000000500800000| PB 0x0000000500800000| Untracked |  0
|   2|0x0000000501000000, 0x0000000501800000, 0x0000000501800000|100%| O|  |TAMS 0x0000000501000000| PB 0x0000000501000000| Untracked |  0
|   3|0x0000000501800000, 0x0000000502000000, 0x0000000502000000|100%| O|  |TAMS 0x0000000501800000| PB 0x0000000501800000| Untracked |  0
|   4|0x0000000502000000, 0x0000000502800000, 0x0000000502800000|100%| O|  |TAMS 0x0000000502000000| PB 0x0000000502000000| Untracked |  0
|   5|0x0000000502800000, 0x0000000503000000, 0x0000000503000000|100%| O|  |TAMS 0x0000000502800000| PB 0x0000000502800000| Untracked |  0
|   6|0x0000000503000000, 0x0000000503800000, 0x0000000503800000|100%| O|  |TAMS 0x0000000503000000| PB 0x0000000503000000| Untracked |  0
|   7|0x0000000503800000, 0x0000000504000000, 0x0000000504000000|100%| O|  |TAMS 0x0000000503800000| PB 0x0000000503800000| Untracked |  0
|   8|0x0000000504000000, 0x0000000504800000, 0x0000000504800000|100%| O|  |TAMS 0x0000000504000000| PB 0x0000000504000000| Untracked |  0
|   9|0x0000000504800000, 0x0000000505000000, 0x0000000505000000|100%| O|  |TAMS 0x0000000504800000| PB 0x0000000504800000| Untracked |  0
|  10|0x0000000505000000, 0x0000000505800000, 0x0000000505800000|100%| O|  |TAMS 0x0000000505000000| PB 0x0000000505000000| Untracked |  0
|  11|0x0000000505800000, 0x0000000506000000, 0x0000000506000000|100%| O|  |TAMS 0x0000000505800000| PB 0x0000000505800000| Untracked |  0
|  12|0x0000000506000000, 0x0000000506800000, 0x0000000506800000|100%| O|  |TAMS 0x0000000506000000| PB 0x0000000506000000| Untracked |  0
|  13|0x0000000506800000, 0x0000000507000000, 0x0000000507000000|100%| O|  |TAMS 0x0000000506800000| PB 0x0000000506800000| Untracked |  0
|  14|0x0000000507000000, 0x0000000507800000, 0x0000000507800000|100%| O|  |TAMS 0x0000000507000000| PB 0x0000000507000000| Untracked |  0
|  15|0x0000000507800000, 0x0000000508000000, 0x0000000508000000|100%| O|  |TAMS 0x0000000507800000| PB 0x0000000507800000| Untracked |  0
|  16|0x0000000508000000, 0x0000000508800000, 0x0000000508800000|100%| O|  |TAMS 0x0000000508000000| PB 0x0000000508000000| Untracked |  0
|  17|0x0000000508800000, 0x0000000509000000, 0x0000000509000000|100%| O|  |TAMS 0x0000000508800000| PB 0x0000000508800000| Untracked |  0
|  18|0x0000000509000000, 0x0000000509800000, 0x0000000509800000|100%| O|  |TAMS 0x0000000509000000| PB 0x0000000509000000| Untracked |  0
|  19|0x0000000509800000, 0x000000050a000000, 0x000000050a000000|100%| O|  |TAMS 0x0000000509800000| PB 0x0000000509800000| Untracked |  0
|  20|0x000000050a000000, 0x000000050a800000, 0x000000050a800000|100%| O|  |TAMS 0x000000050a000000| PB 0x000000050a000000| Untracked |  0
|  21|0x000000050a800000, 0x000000050b000000, 0x000000050b000000|100%| O|  |TAMS 0x000000050a800000| PB 0x000000050a800000| Untracked |  0
|  22|0x000000050b000000, 0x000000050b800000, 0x000000050b800000|100%| O|  |TAMS 0x000000050b000000| PB 0x000000050b000000| Untracked |  0
|  23|0x000000050b800000, 0x000000050c000000, 0x000000050c000000|100%| O|  |TAMS 0x000000050b800000| PB 0x000000050b800000| Untracked |  0
|  24|0x000000050c000000, 0x000000050c800000, 0x000000050c800000|100%| O|  |TAMS 0x000000050c000000| PB 0x000000050c000000| Untracked |  0
|  25|0x000000050c800000, 0x000000050d000000, 0x000000050d000000|100%| O|  |TAMS 0x000000050c800000| PB 0x000000050c800000| Untracked |  0
|  26|0x000000050d000000, 0x000000050d800000, 0x000000050d800000|100%| O|  |TAMS 0x000000050d000000| PB 0x000000050d000000| Untracked |  0
|  27|0x000000050d800000, 0x000000050e000000, 0x000000050e000000|100%| O|  |TAMS 0x000000050d800000| PB 0x000000050d800000| Untracked |  0
|  28|0x000000050e000000, 0x000000050e800000, 0x000000050e800000|100%| O|  |TAMS 0x000000050e000000| PB 0x000000050e000000| Untracked |  0
|  29|0x000000050e800000, 0x000000050f000000, 0x000000050f000000|100%| O|  |TAMS 0x000000050e800000| PB 0x000000050e800000| Untracked |  0
|  30|0x000000050f000000, 0x000000050f800000, 0x000000050f800000|100%|HS|  |TAMS 0x000000050f000000| PB 0x000000050f000000| Complete |  0
|  31|0x000000050f800000, 0x0000000510000000, 0x0000000510000000|100%| O|  |TAMS 0x000000050f800000| PB 0x000000050f800000| Untracked |  0
|  32|0x0000000510000000, 0x0000000510800000, 0x0000000510800000|100%| O|  |TAMS 0x0000000510000000| PB 0x0000000510000000| Untracked |  0
|  33|0x0000000510800000, 0x0000000511000000, 0x0000000511000000|100%|HS|  |TAMS 0x0000000510800000| PB 0x0000000510800000| Complete |  0
|  34|0x0000000511000000, 0x0000000511800000, 0x0000000511800000|100%| O|  |TAMS 0x0000000511000000| PB 0x0000000511000000| Untracked |  0
|  35|0x0000000511800000, 0x0000000512000000, 0x0000000512000000|100%| O|  |TAMS 0x0000000511800000| PB 0x0000000511800000| Untracked |  0
|  36|0x0000000512000000, 0x0000000512800000, 0x0000000512800000|100%| O|  |TAMS 0x0000000512000000| PB 0x0000000512000000| Untracked |  0
|  37|0x0000000512800000, 0x0000000513000000, 0x0000000513000000|100%|HS|  |TAMS 0x0000000512800000| PB 0x0000000512800000| Complete |  0
|  38|0x0000000513000000, 0x0000000513800000, 0x0000000513800000|100%| O|  |TAMS 0x0000000513000000| PB 0x0000000513000000| Untracked |  0
|  39|0x0000000513800000, 0x0000000514000000, 0x0000000514000000|100%| O|  |TAMS 0x0000000513800000| PB 0x0000000513800000| Untracked |  0
|  40|0x0000000514000000, 0x0000000514800000, 0x0000000514800000|100%| O|  |TAMS 0x0000000514000000| PB 0x0000000514000000| Untracked |  0
|  41|0x0000000514800000, 0x0000000515000000, 0x0000000515000000|100%| O|  |TAMS 0x0000000514800000| PB 0x0000000514800000| Untracked |  0
|  42|0x0000000515000000, 0x0000000515800000, 0x0000000515800000|100%| O|  |TAMS 0x0000000515000000| PB 0x0000000515000000| Untracked |  0
|  43|0x0000000515800000, 0x0000000516000000, 0x0000000516000000|100%| O|  |TAMS 0x0000000515800000| PB 0x0000000515800000| Untracked |  0
|  44|0x0000000516000000, 0x0000000516800000, 0x0000000516800000|100%| O|  |TAMS 0x0000000516000000| PB 0x0000000516000000| Untracked |  0
|  45|0x0000000516800000, 0x0000000517000000, 0x0000000517000000|100%| O|  |TAMS 0x0000000516800000| PB 0x0000000516800000| Untracked |  0
|  46|0x0000000517000000, 0x0000000517800000, 0x0000000517800000|100%| O|  |TAMS 0x0000000517000000| PB 0x0000000517000000| Untracked |  0
|  47|0x0000000517800000, 0x0000000518000000, 0x0000000518000000|100%| O|  |TAMS 0x0000000517800000| PB 0x0000000517800000| Untracked |  0
|  48|0x0000000518000000, 0x0000000518800000, 0x0000000518800000|100%| O|  |TAMS 0x0000000518000000| PB 0x0000000518000000| Untracked |  0
|  49|0x0000000518800000, 0x0000000519000000, 0x0000000519000000|100%| O|  |TAMS 0x0000000518800000| PB 0x0000000518800000| Untracked |  0
|  50|0x0000000519000000, 0x0000000519800000, 0x0000000519800000|100%| O|  |TAMS 0x0000000519000000| PB 0x0000000519000000| Untracked |  0
|  51|0x0000000519800000, 0x000000051a000000, 0x000000051a000000|100%| O|  |TAMS 0x0000000519800000| PB 0x0000000519800000| Untracked |  0
|  52|0x000000051a000000, 0x000000051a800000, 0x000000051a800000|100%| O|  |TAMS 0x000000051a000000| PB 0x000000051a000000| Untracked |  0
|  53|0x000000051a800000, 0x000000051b000000, 0x000000051b000000|100%| O|  |TAMS 0x000000051a800000| PB 0x000000051a800000| Untracked |  0
|  54|0x000000051b000000, 0x000000051b800000, 0x000000051b800000|100%| O|  |TAMS 0x000000051b000000| PB 0x000000051b000000| Untracked |  0
|  55|0x000000051b800000, 0x000000051c000000, 0x000000051c000000|100%| O|  |TAMS 0x000000051b800000| PB 0x000000051b800000| Untracked |  0
|  56|0x000000051c000000, 0x000000051c800000, 0x000000051c800000|100%| O|  |TAMS 0x000000051c000000| PB 0x000000051c000000| Untracked |  0
|  57|0x000000051c800000, 0x000000051d000000, 0x000000051d000000|100%| O|  |TAMS 0x000000051c800000| PB 0x000000051c800000| Untracked |  0
|  58|0x000000051d000000, 0x000000051d800000, 0x000000051d800000|100%| O|  |TAMS 0x000000051d000000| PB 0x000000051d000000| Untracked |  0
|  59|0x000000051d800000, 0x000000051e000000, 0x000000051e000000|100%| O|  |TAMS 0x000000051d800000| PB 0x000000051d800000| Untracked |  0
|  60|0x000000051e000000, 0x000000051e800000, 0x000000051e800000|100%| O|  |TAMS 0x000000051e000000| PB 0x000000051e000000| Untracked |  0
|  61|0x000000051e800000, 0x000000051f000000, 0x000000051f000000|100%| O|  |TAMS 0x000000051e800000| PB 0x000000051e800000| Untracked |  0
|  62|0x000000051f000000, 0x000000051f800000, 0x000000051f800000|100%| O|  |TAMS 0x000000051f000000| PB 0x000000051f000000| Untracked |  0
|  63|0x000000051f800000, 0x0000000520000000, 0x0000000520000000|100%| O|  |TAMS 0x000000051f800000| PB 0x000000051f800000| Untracked |  0
|  64|0x0000000520000000, 0x0000000520800000, 0x0000000520800000|100%| O|  |TAMS 0x0000000520000000| PB 0x0000000520000000| Untracked |  0
|  65|0x0000000520800000, 0x0000000521000000, 0x0000000521000000|100%| O|  |TAMS 0x0000000520800000| PB 0x0000000520800000| Untracked |  0
|  66|0x0000000521000000, 0x0000000521800000, 0x0000000521800000|100%| O|  |TAMS 0x0000000521000000| PB 0x0000000521000000| Untracked |  0
|  67|0x0000000521800000, 0x0000000522000000, 0x0000000522000000|100%| O|  |TAMS 0x0000000521800000| PB 0x0000000521800000| Untracked |  0
|  68|0x0000000522000000, 0x0000000522800000, 0x0000000522800000|100%| O|  |TAMS 0x0000000522000000| PB 0x0000000522000000| Untracked |  0
|  69|0x0000000522800000, 0x0000000523000000, 0x0000000523000000|100%| O|  |TAMS 0x0000000522800000| PB 0x0000000522800000| Untracked |  0
|  70|0x0000000523000000, 0x0000000523800000, 0x0000000523800000|100%| O|  |TAMS 0x0000000523000000| PB 0x0000000523000000| Untracked |  0
|  71|0x0000000523800000, 0x0000000524000000, 0x0000000524000000|100%|HS|  |TAMS 0x0000000523800000| PB 0x0000000523800000| Complete |  0
|  72|0x0000000524000000, 0x0000000524800000, 0x0000000524800000|100%| O|  |TAMS 0x0000000524000000| PB 0x0000000524000000| Untracked |  0
|  73|0x0000000524800000, 0x0000000525000000, 0x0000000525000000|100%| O|  |TAMS 0x0000000524800000| PB 0x0000000524800000| Untracked |  0
|  74|0x0000000525000000, 0x0000000525800000, 0x0000000525800000|100%| O|  |TAMS 0x0000000525000000| PB 0x0000000525000000| Untracked |  0
|  75|0x0000000525800000, 0x0000000526000000, 0x0000000526000000|100%| O|  |TAMS 0x0000000525800000| PB 0x0000000525800000| Untracked |  0
|  76|0x0000000526000000, 0x0000000526800000, 0x0000000526800000|100%| O|  |TAMS 0x0000000526000000| PB 0x0000000526000000| Untracked |  0
|  77|0x0000000526800000, 0x0000000527000000, 0x0000000527000000|100%| O|  |TAMS 0x0000000526800000| PB 0x0000000526800000| Untracked |  0
|  78|0x0000000527000000, 0x0000000527800000, 0x0000000527800000|100%| O|  |TAMS 0x0000000527000000| PB 0x0000000527000000| Untracked |  0
|  79|0x0000000527800000, 0x0000000528000000, 0x0000000528000000|100%| O|  |TAMS 0x0000000527800000| PB 0x0000000527800000| Untracked |  0
|  80|0x0000000528000000, 0x0000000528800000, 0x0000000528800000|100%| O|  |TAMS 0x0000000528000000| PB 0x0000000528000000| Untracked |  0
|  81|0x0000000528800000, 0x0000000529000000, 0x0000000529000000|100%| O|  |TAMS 0x0000000528800000| PB 0x0000000528800000| Untracked |  0
|  82|0x0000000529000000, 0x0000000529800000, 0x0000000529800000|100%| O|  |TAMS 0x0000000529000000| PB 0x0000000529000000| Untracked |  0
|  83|0x0000000529800000, 0x000000052a000000, 0x000000052a000000|100%| O|  |TAMS 0x0000000529800000| PB 0x0000000529800000| Untracked |  0
|  84|0x000000052a000000, 0x000000052a800000, 0x000000052a800000|100%| O|  |TAMS 0x000000052a000000| PB 0x000000052a000000| Untracked |  0
|  85|0x000000052a800000, 0x000000052b000000, 0x000000052b000000|100%| O|  |TAMS 0x000000052a800000| PB 0x000000052a800000| Untracked |  0
|  86|0x000000052b000000, 0x000000052b800000, 0x000000052b800000|100%| O|  |TAMS 0x000000052b000000| PB 0x000000052b000000| Untracked |  0
|  87|0x000000052b800000, 0x000000052c000000, 0x000000052c000000|100%| O|  |TAMS 0x000000052b800000| PB 0x000000052b800000| Untracked |  0
|  88|0x000000052c000000, 0x000000052c800000, 0x000000052c800000|100%| O|  |TAMS 0x000000052c000000| PB 0x000000052c000000| Untracked |  0
|  89|0x000000052c800000, 0x000000052d000000, 0x000000052d000000|100%| O|  |TAMS 0x000000052c800000| PB 0x000000052c800000| Untracked |  0
|  90|0x000000052d000000, 0x000000052d800000, 0x000000052d800000|100%| O|  |TAMS 0x000000052d000000| PB 0x000000052d000000| Untracked |  0
|  91|0x000000052d800000, 0x000000052e000000, 0x000000052e000000|100%| O|  |TAMS 0x000000052d800000| PB 0x000000052d800000| Untracked |  0
|  92|0x000000052e000000, 0x000000052e800000, 0x000000052e800000|100%| O|  |TAMS 0x000000052e000000| PB 0x000000052e000000| Untracked |  0
|  93|0x000000052e800000, 0x000000052f000000, 0x000000052f000000|100%| O|  |TAMS 0x000000052e800000| PB 0x000000052e800000| Untracked |  0
|  94|0x000000052f000000, 0x000000052f800000, 0x000000052f800000|100%| O|  |TAMS 0x000000052f000000| PB 0x000000052f000000| Untracked |  0
|  95|0x000000052f800000, 0x0000000530000000, 0x0000000530000000|100%| O|  |TAMS 0x000000052f800000| PB 0x000000052f800000| Untracked |  0
|  96|0x0000000530000000, 0x0000000530800000, 0x0000000530800000|100%|HS|  |TAMS 0x0000000530000000| PB 0x0000000530000000| Complete |  0
|  97|0x0000000530800000, 0x0000000531000000, 0x0000000531000000|100%| O|  |TAMS 0x0000000530800000| PB 0x0000000530800000| Untracked |  0
|  98|0x0000000531000000, 0x0000000531800000, 0x0000000531800000|100%| O|  |TAMS 0x0000000531000000| PB 0x0000000531000000| Untracked |  0
|  99|0x0000000531800000, 0x0000000532000000, 0x0000000532000000|100%| O|  |TAMS 0x0000000531800000| PB 0x0000000531800000| Untracked |  0
| 100|0x0000000532000000, 0x0000000532800000, 0x0000000532800000|100%| O|  |TAMS 0x0000000532000000| PB 0x0000000532000000| Untracked |  0
| 101|0x0000000532800000, 0x0000000533000000, 0x0000000533000000|100%| O|  |TAMS 0x0000000532800000| PB 0x0000000532800000| Untracked |  0
| 102|0x0000000533000000, 0x0000000533800000, 0x0000000533800000|100%| O|  |TAMS 0x0000000533000000| PB 0x0000000533000000| Untracked |  0
| 103|0x0000000533800000, 0x0000000534000000, 0x0000000534000000|100%| O|  |TAMS 0x0000000533800000| PB 0x0000000533800000| Untracked |  0
| 104|0x0000000534000000, 0x0000000534800000, 0x0000000534800000|100%|HS|  |TAMS 0x0000000534000000| PB 0x0000000534000000| Complete |  0
| 105|0x0000000534800000, 0x0000000535000000, 0x0000000535000000|100%| O|  |TAMS 0x0000000534800000| PB 0x0000000534800000| Untracked |  0
| 106|0x0000000535000000, 0x0000000535800000, 0x0000000535800000|100%| O|  |TAMS 0x0000000535000000| PB 0x0000000535000000| Untracked |  0
| 107|0x0000000535800000, 0x0000000536000000, 0x0000000536000000|100%| O|  |TAMS 0x0000000535800000| PB 0x0000000535800000| Untracked |  0
| 108|0x0000000536000000, 0x0000000536800000, 0x0000000536800000|100%| O|  |TAMS 0x0000000536000000| PB 0x0000000536000000| Untracked |  0
| 109|0x0000000536800000, 0x0000000537000000, 0x0000000537000000|100%| O|  |TAMS 0x0000000536800000| PB 0x0000000536800000| Untracked |  0
| 110|0x0000000537000000, 0x0000000537800000, 0x0000000537800000|100%|HS|  |TAMS 0x0000000537000000| PB 0x0000000537000000| Complete |  0
| 111|0x0000000537800000, 0x0000000538000000, 0x0000000538000000|100%|HS|  |TAMS 0x0000000537800000| PB 0x0000000537800000| Complete |  0
| 112|0x0000000538000000, 0x0000000538800000, 0x0000000538800000|100%|HS|  |TAMS 0x0000000538000000| PB 0x0000000538000000| Complete |  0
| 113|0x0000000538800000, 0x0000000539000000, 0x0000000539000000|100%| O|  |TAMS 0x0000000538800000| PB 0x0000000538800000| Untracked |  0
| 114|0x0000000539000000, 0x0000000539800000, 0x0000000539800000|100%| O|  |TAMS 0x0000000539000000| PB 0x0000000539000000| Untracked |  0
| 115|0x0000000539800000, 0x000000053a000000, 0x000000053a000000|100%| O|  |TAMS 0x0000000539800000| PB 0x0000000539800000| Untracked |  0
| 116|0x000000053a000000, 0x000000053a800000, 0x000000053a800000|100%| O|  |TAMS 0x000000053a000000| PB 0x000000053a000000| Untracked |  0
| 117|0x000000053a800000, 0x000000053b000000, 0x000000053b000000|100%| O|  |TAMS 0x000000053a800000| PB 0x000000053a800000| Untracked |  0
| 118|0x000000053b000000, 0x000000053b800000, 0x000000053b800000|100%| O|  |TAMS 0x000000053b000000| PB 0x000000053b000000| Untracked |  0
| 119|0x000000053b800000, 0x000000053c000000, 0x000000053c000000|100%| O|  |TAMS 0x000000053b800000| PB 0x000000053b800000| Untracked |  0
| 120|0x000000053c000000, 0x000000053c800000, 0x000000053c800000|100%| O|  |TAMS 0x000000053c000000| PB 0x000000053c000000| Untracked |  0
| 121|0x000000053c800000, 0x000000053d000000, 0x000000053d000000|100%| O|  |TAMS 0x000000053c800000| PB 0x000000053c800000| Untracked |  0
| 122|0x000000053d000000, 0x000000053d800000, 0x000000053d800000|100%| O|  |TAMS 0x000000053d000000| PB 0x000000053d000000| Untracked |  0
| 123|0x000000053d800000, 0x000000053e000000, 0x000000053e000000|100%| O|  |TAMS 0x000000053d800000| PB 0x000000053d800000| Untracked |  0
| 124|0x000000053e000000, 0x000000053e800000, 0x000000053e800000|100%| O|  |TAMS 0x000000053e000000| PB 0x000000053e000000| Untracked |  0
| 125|0x000000053e800000, 0x000000053f000000, 0x000000053f000000|100%| O|  |TAMS 0x000000053e800000| PB 0x000000053e800000| Untracked |  0
| 126|0x000000053f000000, 0x000000053f800000, 0x000000053f800000|100%| O|  |TAMS 0x000000053f000000| PB 0x000000053f000000| Untracked |  0
| 127|0x000000053f800000, 0x0000000540000000, 0x0000000540000000|100%| O|  |TAMS 0x000000053f800000| PB 0x000000053f800000| Untracked |  0
| 128|0x0000000540000000, 0x0000000540800000, 0x0000000540800000|100%| O|  |TAMS 0x0000000540000000| PB 0x0000000540000000| Untracked |  0
| 129|0x0000000540800000, 0x0000000541000000, 0x0000000541000000|100%| O|  |TAMS 0x0000000540800000| PB 0x0000000540800000| Untracked |  0
| 130|0x0000000541000000, 0x0000000541800000, 0x0000000541800000|100%| O|  |TAMS 0x0000000541000000| PB 0x0000000541000000| Untracked |  0
| 131|0x0000000541800000, 0x0000000542000000, 0x0000000542000000|100%| O|  |TAMS 0x0000000541800000| PB 0x0000000541800000| Untracked |  0
| 132|0x0000000542000000, 0x0000000542800000, 0x0000000542800000|100%| O|  |TAMS 0x0000000542000000| PB 0x0000000542000000| Untracked |  0
| 133|0x0000000542800000, 0x0000000543000000, 0x0000000543000000|100%| O|  |TAMS 0x0000000542800000| PB 0x0000000542800000| Untracked |  0
| 134|0x0000000543000000, 0x0000000543800000, 0x0000000543800000|100%| O|  |TAMS 0x0000000543000000| PB 0x0000000543000000| Untracked |  0
| 135|0x0000000543800000, 0x0000000544000000, 0x0000000544000000|100%| O|  |TAMS 0x0000000543800000| PB 0x0000000543800000| Untracked |  0
| 136|0x0000000544000000, 0x0000000544800000, 0x0000000544800000|100%| O|  |TAMS 0x0000000544000000| PB 0x0000000544000000| Untracked |  0
| 137|0x0000000544800000, 0x0000000545000000, 0x0000000545000000|100%| O|  |TAMS 0x0000000544800000| PB 0x0000000544800000| Untracked |  0
| 138|0x0000000545000000, 0x0000000545800000, 0x0000000545800000|100%| O|  |TAMS 0x0000000545000000| PB 0x0000000545000000| Untracked |  0
| 139|0x0000000545800000, 0x0000000546000000, 0x0000000546000000|100%|HS|  |TAMS 0x0000000545800000| PB 0x0000000545800000| Complete |  0
| 140|0x0000000546000000, 0x0000000546800000, 0x0000000546800000|100%| O|  |TAMS 0x0000000546000000| PB 0x0000000546000000| Untracked |  0
| 141|0x0000000546800000, 0x0000000547000000, 0x0000000547000000|100%| O|  |TAMS 0x0000000546800000| PB 0x0000000546800000| Untracked |  0
| 142|0x0000000547000000, 0x0000000547800000, 0x0000000547800000|100%| O|  |TAMS 0x0000000547000000| PB 0x0000000547000000| Untracked |  0
| 143|0x0000000547800000, 0x0000000548000000, 0x0000000548000000|100%| O|  |TAMS 0x0000000547800000| PB 0x0000000547800000| Untracked |  0
| 144|0x0000000548000000, 0x0000000548800000, 0x0000000548800000|100%| O|  |TAMS 0x0000000548000000| PB 0x0000000548000000| Untracked |  0
| 145|0x0000000548800000, 0x0000000549000000, 0x0000000549000000|100%| O|  |TAMS 0x0000000548800000| PB 0x0000000548800000| Untracked |  0
| 146|0x0000000549000000, 0x0000000549800000, 0x0000000549800000|100%|HS|  |TAMS 0x0000000549000000| PB 0x0000000549000000| Complete |  0
| 147|0x0000000549800000, 0x000000054a000000, 0x000000054a000000|100%| O|  |TAMS 0x0000000549800000| PB 0x0000000549800000| Untracked |  0
| 148|0x000000054a000000, 0x000000054a800000, 0x000000054a800000|100%| O|  |TAMS 0x000000054a000000| PB 0x000000054a000000| Untracked |  0
| 149|0x000000054a800000, 0x000000054b000000, 0x000000054b000000|100%| O|  |TAMS 0x000000054a800000| PB 0x000000054a800000| Untracked |  0
| 150|0x000000054b000000, 0x000000054b800000, 0x000000054b800000|100%| O|  |TAMS 0x000000054b000000| PB 0x000000054b000000| Untracked |  0
| 151|0x000000054b800000, 0x000000054c000000, 0x000000054c000000|100%| O|  |TAMS 0x000000054b800000| PB 0x000000054b800000| Untracked |  0
| 152|0x000000054c000000, 0x000000054c800000, 0x000000054c800000|100%| O|  |TAMS 0x000000054c000000| PB 0x000000054c000000| Untracked |  0
| 153|0x000000054c800000, 0x000000054d000000, 0x000000054d000000|100%| O|  |TAMS 0x000000054c800000| PB 0x000000054c800000| Untracked |  0
| 154|0x000000054d000000, 0x000000054d800000, 0x000000054d800000|100%| O|  |TAMS 0x000000054d000000| PB 0x000000054d000000| Untracked |  0
| 155|0x000000054d800000, 0x000000054e000000, 0x000000054e000000|100%|HS|  |TAMS 0x000000054d800000| PB 0x000000054d800000| Complete |  0
| 156|0x000000054e000000, 0x000000054e800000, 0x000000054e800000|100%| O|  |TAMS 0x000000054e000000| PB 0x000000054e000000| Untracked |  0
| 157|0x000000054e800000, 0x000000054f000000, 0x000000054f000000|100%|HS|  |TAMS 0x000000054e800000| PB 0x000000054e800000| Complete |  0
| 158|0x000000054f000000, 0x000000054f800000, 0x000000054f800000|100%|HC|  |TAMS 0x000000054f000000| PB 0x000000054f000000| Complete |  0
| 159|0x000000054f800000, 0x0000000550000000, 0x0000000550000000|100%| O|  |TAMS 0x000000054f800000| PB 0x000000054f800000| Untracked |  0
| 160|0x0000000550000000, 0x0000000550800000, 0x0000000550800000|100%|HS|  |TAMS 0x0000000550000000| PB 0x0000000550000000| Complete |  0
| 161|0x0000000550800000, 0x0000000551000000, 0x0000000551000000|100%| O|  |TAMS 0x0000000550800000| PB 0x0000000550800000| Untracked |  0
| 162|0x0000000551000000, 0x0000000551800000, 0x0000000551800000|100%| O|  |TAMS 0x0000000551000000| PB 0x0000000551000000| Untracked |  0
| 163|0x0000000551800000, 0x0000000552000000, 0x0000000552000000|100%| O|  |TAMS 0x0000000551800000| PB 0x0000000551800000| Untracked |  0
| 164|0x0000000552000000, 0x0000000552800000, 0x0000000552800000|100%|HS|  |TAMS 0x0000000552000000| PB 0x0000000552000000| Complete |  0
| 165|0x0000000552800000, 0x0000000553000000, 0x0000000553000000|100%|HC|  |TAMS 0x0000000552800000| PB 0x0000000552800000| Complete |  0
| 166|0x0000000553000000, 0x0000000553800000, 0x0000000553800000|100%| O|  |TAMS 0x0000000553000000| PB 0x0000000553000000| Untracked |  0
| 167|0x0000000553800000, 0x0000000554000000, 0x0000000554000000|100%|HS|  |TAMS 0x0000000553800000| PB 0x0000000553800000| Complete |  0
| 168|0x0000000554000000, 0x0000000554800000, 0x0000000554800000|100%| O|  |TAMS 0x0000000554000000| PB 0x0000000554000000| Untracked |  0
| 169|0x0000000554800000, 0x0000000555000000, 0x0000000555000000|100%|HS|  |TAMS 0x0000000554800000| PB 0x0000000554800000| Complete |  0
| 170|0x0000000555000000, 0x0000000555800000, 0x0000000555800000|100%|HC|  |TAMS 0x0000000555000000| PB 0x0000000555000000| Complete |  0
| 171|0x0000000555800000, 0x0000000556000000, 0x0000000556000000|100%|HS|  |TAMS 0x0000000555800000| PB 0x0000000555800000| Complete |  0
| 172|0x0000000556000000, 0x0000000556800000, 0x0000000556800000|100%| O|  |TAMS 0x0000000556000000| PB 0x0000000556000000| Untracked |  0
| 173|0x0000000556800000, 0x0000000557000000, 0x0000000557000000|100%|HS|  |TAMS 0x0000000556800000| PB 0x0000000556800000| Complete |  0
| 174|0x0000000557000000, 0x0000000557800000, 0x0000000557800000|100%|HC|  |TAMS 0x0000000557000000| PB 0x0000000557000000| Complete |  0
| 175|0x0000000557800000, 0x0000000558000000, 0x0000000558000000|100%|HS|  |TAMS 0x0000000557800000| PB 0x0000000557800000| Complete |  0
| 176|0x0000000558000000, 0x0000000558800000, 0x0000000558800000|100%|HC|  |TAMS 0x0000000558000000| PB 0x0000000558000000| Complete |  0
| 177|0x0000000558800000, 0x0000000559000000, 0x0000000559000000|100%| O|  |TAMS 0x0000000558800000| PB 0x0000000558800000| Untracked |  0
| 178|0x0000000559000000, 0x0000000559800000, 0x0000000559800000|100%| O|  |TAMS 0x0000000559000000| PB 0x0000000559000000| Untracked |  0
| 179|0x0000000559800000, 0x000000055a000000, 0x000000055a000000|100%| O|  |TAMS 0x0000000559800000| PB 0x0000000559800000| Untracked |  0
| 180|0x000000055a000000, 0x000000055a800000, 0x000000055a800000|100%|HS|  |TAMS 0x000000055a000000| PB 0x000000055a000000| Complete |  0
| 181|0x000000055a800000, 0x000000055b000000, 0x000000055b000000|100%|HC|  |TAMS 0x000000055a800000| PB 0x000000055a800000| Complete |  0
| 182|0x000000055b000000, 0x000000055b800000, 0x000000055b800000|100%|HS|  |TAMS 0x000000055b000000| PB 0x000000055b000000| Complete |  0
| 183|0x000000055b800000, 0x000000055c000000, 0x000000055c000000|100%|HC|  |TAMS 0x000000055b800000| PB 0x000000055b800000| Complete |  0
| 184|0x000000055c000000, 0x000000055c800000, 0x000000055c800000|100%| O|  |TAMS 0x000000055c000000| PB 0x000000055c000000| Untracked |  0
| 185|0x000000055c800000, 0x000000055cb189c0, 0x000000055d000000| 38%| O|  |TAMS 0x000000055c800000| PB 0x000000055c800000| Untracked |  0
| 186|0x000000055d000000, 0x000000055d800000, 0x000000055d800000|100%|HS|  |TAMS 0x000000055d000000| PB 0x000000055d000000| Complete |  0
| 187|0x000000055d800000, 0x000000055e000000, 0x000000055e000000|100%|HS|  |TAMS 0x000000055d800000| PB 0x000000055d800000| Complete |  0
| 188|0x000000055e000000, 0x000000055e800000, 0x000000055e800000|100%|HC|  |TAMS 0x000000055e000000| PB 0x000000055e000000| Complete |  0
| 189|0x000000055e800000, 0x000000055f000000, 0x000000055f000000|100%|HS|  |TAMS 0x000000055e800000| PB 0x000000055e800000| Complete |  0
| 190|0x000000055f000000, 0x000000055f800000, 0x000000055f800000|100%|HC|  |TAMS 0x000000055f000000| PB 0x000000055f000000| Complete |  0
| 191|0x000000055f800000, 0x0000000560000000, 0x0000000560000000|100%| O|  |TAMS 0x000000055f800000| PB 0x000000055f800000| Untracked |  0
| 192|0x0000000560000000, 0x0000000560800000, 0x0000000560800000|100%| O|  |TAMS 0x0000000560000000| PB 0x0000000560000000| Untracked |  0
| 193|0x0000000560800000, 0x0000000561000000, 0x0000000561000000|100%| O|  |TAMS 0x0000000560800000| PB 0x0000000560800000| Untracked |  0
| 194|0x0000000561000000, 0x0000000561800000, 0x0000000561800000|100%| O|  |TAMS 0x0000000561000000| PB 0x0000000561000000| Untracked |  0
| 195|0x0000000561800000, 0x0000000561800000, 0x0000000562000000|  0%| F|  |TAMS 0x0000000561800000| PB 0x0000000561800000| Untracked |  0
| 196|0x0000000562000000, 0x0000000562800000, 0x0000000562800000|100%| O|  |TAMS 0x0000000562000000| PB 0x0000000562000000| Untracked |  0
| 197|0x0000000562800000, 0x0000000563000000, 0x0000000563000000|100%| O|  |TAMS 0x0000000562800000| PB 0x0000000562800000| Untracked |  0
| 198|0x0000000563000000, 0x0000000563800000, 0x0000000563800000|100%| O|  |TAMS 0x0000000563000000| PB 0x0000000563000000| Untracked |  0
| 199|0x0000000563800000, 0x0000000564000000, 0x0000000564000000|100%| O|  |TAMS 0x0000000563800000| PB 0x0000000563800000| Untracked |  0
| 200|0x0000000564000000, 0x0000000564800000, 0x0000000564800000|100%| O|  |TAMS 0x0000000564000000| PB 0x0000000564000000| Untracked |  0
| 201|0x0000000564800000, 0x0000000565000000, 0x0000000565000000|100%| O|  |TAMS 0x0000000564800000| PB 0x0000000564800000| Untracked |  0
| 202|0x0000000565000000, 0x0000000565800000, 0x0000000565800000|100%| O|  |TAMS 0x0000000565000000| PB 0x0000000565000000| Untracked |  0
| 203|0x0000000565800000, 0x0000000566000000, 0x0000000566000000|100%| O|  |TAMS 0x0000000565800000| PB 0x0000000565800000| Untracked |  0
| 204|0x0000000566000000, 0x0000000566000000, 0x0000000566800000|  0%| F|  |TAMS 0x0000000566000000| PB 0x0000000566000000| Untracked |  0
| 205|0x0000000566800000, 0x0000000567000000, 0x0000000567000000|100%| O|  |TAMS 0x0000000566800000| PB 0x0000000566800000| Untracked |  0
| 206|0x0000000567000000, 0x0000000567800000, 0x0000000567800000|100%| O|  |TAMS 0x0000000567000000| PB 0x0000000567000000| Untracked |  0
| 207|0x0000000567800000, 0x0000000568000000, 0x0000000568000000|100%|HS|  |TAMS 0x0000000567800000| PB 0x0000000567800000| Complete |  0
| 208|0x0000000568000000, 0x0000000568800000, 0x0000000568800000|100%|HC|  |TAMS 0x0000000568000000| PB 0x0000000568000000| Complete |  0
| 209|0x0000000568800000, 0x0000000569000000, 0x0000000569000000|100%| O|  |TAMS 0x0000000568800000| PB 0x0000000568800000| Untracked |  0
| 210|0x0000000569000000, 0x0000000569800000, 0x0000000569800000|100%| O|  |TAMS 0x0000000569000000| PB 0x0000000569000000| Untracked |  0
| 211|0x0000000569800000, 0x000000056a000000, 0x000000056a000000|100%| O|  |TAMS 0x0000000569800000| PB 0x0000000569800000| Untracked |  0
| 212|0x000000056a000000, 0x000000056a800000, 0x000000056a800000|100%| O|  |TAMS 0x000000056a000000| PB 0x000000056a000000| Untracked |  0
| 213|0x000000056a800000, 0x000000056b000000, 0x000000056b000000|100%| O|  |TAMS 0x000000056a800000| PB 0x000000056a800000| Untracked |  0
| 214|0x000000056b000000, 0x000000056b800000, 0x000000056b800000|100%| O|  |TAMS 0x000000056b000000| PB 0x000000056b000000| Untracked |  0
| 215|0x000000056b800000, 0x000000056c000000, 0x000000056c000000|100%| O|  |TAMS 0x000000056b800000| PB 0x000000056b800000| Untracked |  0
| 216|0x000000056c000000, 0x000000056c800000, 0x000000056c800000|100%|HS|  |TAMS 0x000000056c000000| PB 0x000000056c000000| Complete |  0
| 217|0x000000056c800000, 0x000000056d000000, 0x000000056d000000|100%|HC|  |TAMS 0x000000056c800000| PB 0x000000056c800000| Complete |  0
| 218|0x000000056d000000, 0x000000056d800000, 0x000000056d800000|100%| O|  |TAMS 0x000000056d000000| PB 0x000000056d000000| Untracked |  0
| 219|0x000000056d800000, 0x000000056d800000, 0x000000056e000000|  0%| F|  |TAMS 0x000000056d800000| PB 0x000000056d800000| Untracked |  0
| 220|0x000000056e000000, 0x000000056e800000, 0x000000056e800000|100%| O|  |TAMS 0x000000056e000000| PB 0x000000056e000000| Untracked |  0
| 221|0x000000056e800000, 0x000000056f000000, 0x000000056f000000|100%| O|  |TAMS 0x000000056e800000| PB 0x000000056e800000| Untracked |  0
| 222|0x000000056f000000, 0x000000056f800000, 0x000000056f800000|100%| O|  |TAMS 0x000000056f000000| PB 0x000000056f000000| Untracked |  0
| 223|0x000000056f800000, 0x0000000570000000, 0x0000000570000000|100%|HS|  |TAMS 0x000000056f800000| PB 0x000000056f800000| Complete |  0
| 224|0x0000000570000000, 0x0000000570800000, 0x0000000570800000|100%|HC|  |TAMS 0x0000000570000000| PB 0x0000000570000000| Complete |  0
| 225|0x0000000570800000, 0x0000000571000000, 0x0000000571000000|100%|HS|  |TAMS 0x0000000570800000| PB 0x0000000570800000| Complete |  0
| 226|0x0000000571000000, 0x0000000571800000, 0x0000000571800000|100%|HS|  |TAMS 0x0000000571000000| PB 0x0000000571000000| Complete |  0
| 227|0x0000000571800000, 0x0000000572000000, 0x0000000572000000|100%| O|  |TAMS 0x0000000571800000| PB 0x0000000571800000| Untracked |  0
| 228|0x0000000572000000, 0x0000000572800000, 0x0000000572800000|100%| O|  |TAMS 0x0000000572000000| PB 0x0000000572000000| Untracked |  0
| 229|0x0000000572800000, 0x0000000573000000, 0x0000000573000000|100%| O|  |TAMS 0x0000000572800000| PB 0x0000000572800000| Untracked |  0
| 230|0x0000000573000000, 0x0000000573800000, 0x0000000573800000|100%| O|  |TAMS 0x0000000573000000| PB 0x0000000573000000| Untracked |  0
| 231|0x0000000573800000, 0x0000000574000000, 0x0000000574000000|100%| O|  |TAMS 0x0000000573800000| PB 0x0000000573800000| Untracked |  0
| 232|0x0000000574000000, 0x0000000574800000, 0x0000000574800000|100%| O|  |TAMS 0x0000000574000000| PB 0x0000000574000000| Untracked |  0
| 233|0x0000000574800000, 0x0000000575000000, 0x0000000575000000|100%| O|  |TAMS 0x0000000574800000| PB 0x0000000574800000| Untracked |  0
| 234|0x0000000575000000, 0x0000000575800000, 0x0000000575800000|100%| O|  |TAMS 0x0000000575000000| PB 0x0000000575000000| Untracked |  0
| 235|0x0000000575800000, 0x0000000576000000, 0x0000000576000000|100%| O|  |TAMS 0x0000000575800000| PB 0x0000000575800000| Untracked |  0
| 236|0x0000000576000000, 0x0000000576800000, 0x0000000576800000|100%|HS|  |TAMS 0x0000000576000000| PB 0x0000000576000000| Complete |  0
| 237|0x0000000576800000, 0x0000000577000000, 0x0000000577000000|100%|HC|  |TAMS 0x0000000576800000| PB 0x0000000576800000| Complete |  0
| 238|0x0000000577000000, 0x0000000577800000, 0x0000000577800000|100%|HS|  |TAMS 0x0000000577000000| PB 0x0000000577000000| Complete |  0
| 239|0x0000000577800000, 0x0000000578000000, 0x0000000578000000|100%|HC|  |TAMS 0x0000000577800000| PB 0x0000000577800000| Complete |  0
| 240|0x0000000578000000, 0x0000000578800000, 0x0000000578800000|100%|HS|  |TAMS 0x0000000578000000| PB 0x0000000578000000| Complete |  0
| 241|0x0000000578800000, 0x0000000579000000, 0x0000000579000000|100%|HC|  |TAMS 0x0000000578800000| PB 0x0000000578800000| Complete |  0
| 242|0x0000000579000000, 0x0000000579000000, 0x0000000579800000|  0%| F|  |TAMS 0x0000000579000000| PB 0x0000000579000000| Untracked |  0
| 243|0x0000000579800000, 0x000000057a000000, 0x000000057a000000|100%|HS|  |TAMS 0x0000000579800000| PB 0x0000000579800000| Complete |  0
| 244|0x000000057a000000, 0x000000057a800000, 0x000000057a800000|100%|HS|  |TAMS 0x000000057a000000| PB 0x000000057a000000| Complete |  0
| 245|0x000000057a800000, 0x000000057b000000, 0x000000057b000000|100%|HS|  |TAMS 0x000000057a800000| PB 0x000000057a800000| Complete |  0
| 246|0x000000057b000000, 0x000000057b800000, 0x000000057b800000|100%|HC|  |TAMS 0x000000057b000000| PB 0x000000057b000000| Complete |  0
| 247|0x000000057b800000, 0x000000057b800000, 0x000000057c000000|  0%| F|  |TAMS 0x000000057b800000| PB 0x000000057b800000| Untracked |  0
| 248|0x000000057c000000, 0x000000057c000000, 0x000000057c800000|  0%| F|  |TAMS 0x000000057c000000| PB 0x000000057c000000| Untracked |  0
| 249|0x000000057c800000, 0x000000057c800000, 0x000000057d000000|  0%| F|  |TAMS 0x000000057c800000| PB 0x000000057c800000| Untracked |  0
| 250|0x000000057d000000, 0x000000057d000000, 0x000000057d800000|  0%| F|  |TAMS 0x000000057d000000| PB 0x000000057d000000| Untracked |  0
| 251|0x000000057d800000, 0x000000057d800000, 0x000000057e000000|  0%| F|  |TAMS 0x000000057d800000| PB 0x000000057d800000| Untracked |  0
| 252|0x000000057e000000, 0x000000057e800000, 0x000000057e800000|100%| O|  |TAMS 0x000000057e000000| PB 0x000000057e000000| Untracked |  0
| 253|0x000000057e800000, 0x000000057e800000, 0x000000057f000000|  0%| F|  |TAMS 0x000000057e800000| PB 0x000000057e800000| Untracked |  0
| 254|0x000000057f000000, 0x000000057f000000, 0x000000057f800000|  0%| F|  |TAMS 0x000000057f000000| PB 0x000000057f000000| Untracked |  0
| 255|0x000000057f800000, 0x0000000580000000, 0x0000000580000000|100%| O|  |TAMS 0x000000057f800000| PB 0x000000057f800000| Untracked |  0
| 256|0x0000000580000000, 0x0000000580800000, 0x0000000580800000|100%| O|  |TAMS 0x0000000580000000| PB 0x0000000580000000| Untracked |  0
| 257|0x0000000580800000, 0x0000000581000000, 0x0000000581000000|100%| O|  |TAMS 0x0000000580800000| PB 0x0000000580800000| Untracked |  0
| 258|0x0000000581000000, 0x0000000581800000, 0x0000000581800000|100%|HS|  |TAMS 0x0000000581000000| PB 0x0000000581000000| Complete |  0
| 259|0x0000000581800000, 0x0000000582000000, 0x0000000582000000|100%|HC|  |TAMS 0x0000000581800000| PB 0x0000000581800000| Complete |  0
| 260|0x0000000582000000, 0x0000000582800000, 0x0000000582800000|100%| O|  |TAMS 0x0000000582000000| PB 0x0000000582000000| Untracked |  0
| 261|0x0000000582800000, 0x0000000583000000, 0x0000000583000000|100%| O|  |TAMS 0x0000000582800000| PB 0x0000000582800000| Untracked |  0
| 262|0x0000000583000000, 0x0000000583800000, 0x0000000583800000|100%| O|  |TAMS 0x0000000583000000| PB 0x0000000583000000| Untracked |  0
| 263|0x0000000583800000, 0x0000000584000000, 0x0000000584000000|100%| O|  |TAMS 0x0000000583800000| PB 0x0000000583800000| Untracked |  0
| 264|0x0000000584000000, 0x0000000584800000, 0x0000000584800000|100%| O|  |TAMS 0x0000000584000000| PB 0x0000000584000000| Untracked |  0
| 265|0x0000000584800000, 0x0000000585000000, 0x0000000585000000|100%| O|  |TAMS 0x0000000584800000| PB 0x0000000584800000| Untracked |  0
| 266|0x0000000585000000, 0x0000000585800000, 0x0000000585800000|100%| O|  |TAMS 0x0000000585000000| PB 0x0000000585000000| Untracked |  0
| 267|0x0000000585800000, 0x0000000586000000, 0x0000000586000000|100%| O|  |TAMS 0x0000000585800000| PB 0x0000000585800000| Untracked |  0
| 268|0x0000000586000000, 0x0000000586800000, 0x0000000586800000|100%| O|  |TAMS 0x0000000586000000| PB 0x0000000586000000| Untracked |  0
| 269|0x0000000586800000, 0x0000000587000000, 0x0000000587000000|100%| O|  |TAMS 0x0000000586800000| PB 0x0000000586800000| Untracked |  0
| 270|0x0000000587000000, 0x0000000587800000, 0x0000000587800000|100%| O|  |TAMS 0x0000000587000000| PB 0x0000000587000000| Untracked |  0
| 271|0x0000000587800000, 0x0000000588000000, 0x0000000588000000|100%| O|  |TAMS 0x0000000587800000| PB 0x0000000587800000| Untracked |  0
| 272|0x0000000588000000, 0x0000000588800000, 0x0000000588800000|100%| O|  |TAMS 0x0000000588000000| PB 0x0000000588000000| Untracked |  0
| 273|0x0000000588800000, 0x0000000589000000, 0x0000000589000000|100%| O|  |TAMS 0x0000000588800000| PB 0x0000000588800000| Untracked |  0
| 274|0x0000000589000000, 0x0000000589800000, 0x0000000589800000|100%| O|  |TAMS 0x0000000589000000| PB 0x0000000589000000| Untracked |  0
| 275|0x0000000589800000, 0x000000058a000000, 0x000000058a000000|100%| O|  |TAMS 0x0000000589800000| PB 0x0000000589800000| Untracked |  0
| 276|0x000000058a000000, 0x000000058a800000, 0x000000058a800000|100%| O|  |TAMS 0x000000058a000000| PB 0x000000058a000000| Untracked |  0
| 277|0x000000058a800000, 0x000000058b000000, 0x000000058b000000|100%| O|  |TAMS 0x000000058a800000| PB 0x000000058a800000| Untracked |  0
| 278|0x000000058b000000, 0x000000058b800000, 0x000000058b800000|100%| O|  |TAMS 0x000000058b000000| PB 0x000000058b000000| Untracked |  0
| 279|0x000000058b800000, 0x000000058c000000, 0x000000058c000000|100%| O|  |TAMS 0x000000058b800000| PB 0x000000058b800000| Untracked |  0
| 280|0x000000058c000000, 0x000000058c800000, 0x000000058c800000|100%| O|  |TAMS 0x000000058c000000| PB 0x000000058c000000| Untracked |  0
| 281|0x000000058c800000, 0x000000058d000000, 0x000000058d000000|100%| O|  |TAMS 0x000000058c800000| PB 0x000000058c800000| Untracked |  0
| 282|0x000000058d000000, 0x000000058d800000, 0x000000058d800000|100%| O|  |TAMS 0x000000058d000000| PB 0x000000058d000000| Untracked |  0
| 283|0x000000058d800000, 0x000000058e000000, 0x000000058e000000|100%| O|  |TAMS 0x000000058d800000| PB 0x000000058d800000| Untracked |  0
| 284|0x000000058e000000, 0x000000058e800000, 0x000000058e800000|100%| O|  |TAMS 0x000000058e000000| PB 0x000000058e000000| Untracked |  0
| 285|0x000000058e800000, 0x000000058f000000, 0x000000058f000000|100%| O|  |TAMS 0x000000058e800000| PB 0x000000058e800000| Untracked |  0
| 286|0x000000058f000000, 0x000000058f800000, 0x000000058f800000|100%| O|  |TAMS 0x000000058f000000| PB 0x000000058f000000| Untracked |  0
| 287|0x000000058f800000, 0x0000000590000000, 0x0000000590000000|100%| O|  |TAMS 0x000000058f800000| PB 0x000000058f800000| Untracked |  0
| 288|0x0000000590000000, 0x0000000590800000, 0x0000000590800000|100%| O|  |TAMS 0x0000000590000000| PB 0x0000000590000000| Untracked |  0
| 289|0x0000000590800000, 0x0000000591000000, 0x0000000591000000|100%| O|  |TAMS 0x0000000590800000| PB 0x0000000590800000| Untracked |  0
| 290|0x0000000591000000, 0x0000000591800000, 0x0000000591800000|100%| O|  |TAMS 0x0000000591000000| PB 0x0000000591000000| Untracked |  0
| 291|0x0000000591800000, 0x0000000592000000, 0x0000000592000000|100%| O|  |TAMS 0x0000000591800000| PB 0x0000000591800000| Untracked |  0
| 292|0x0000000592000000, 0x0000000592800000, 0x0000000592800000|100%| O|  |TAMS 0x0000000592000000| PB 0x0000000592000000| Untracked |  0
| 293|0x0000000592800000, 0x0000000593000000, 0x0000000593000000|100%| O|  |TAMS 0x0000000592800000| PB 0x0000000592800000| Untracked |  0
| 294|0x0000000593000000, 0x0000000593800000, 0x0000000593800000|100%| O|  |TAMS 0x0000000593000000| PB 0x0000000593000000| Untracked |  0
| 295|0x0000000593800000, 0x0000000594000000, 0x0000000594000000|100%| O|  |TAMS 0x0000000593800000| PB 0x0000000593800000| Untracked |  0
| 296|0x0000000594000000, 0x0000000594800000, 0x0000000594800000|100%| O|  |TAMS 0x0000000594000000| PB 0x0000000594000000| Untracked |  0
| 297|0x0000000594800000, 0x0000000595000000, 0x0000000595000000|100%| O|  |TAMS 0x0000000594800000| PB 0x0000000594800000| Untracked |  0
| 298|0x0000000595000000, 0x0000000595800000, 0x0000000595800000|100%| O|  |TAMS 0x0000000595000000| PB 0x0000000595000000| Untracked |  0
| 299|0x0000000595800000, 0x0000000595800000, 0x0000000596000000|  0%| F|  |TAMS 0x0000000595800000| PB 0x0000000595800000| Untracked |  0
| 300|0x0000000596000000, 0x0000000596000000, 0x0000000596800000|  0%| F|  |TAMS 0x0000000596000000| PB 0x0000000596000000| Untracked |  0
| 301|0x0000000596800000, 0x0000000596800000, 0x0000000597000000|  0%| F|  |TAMS 0x0000000596800000| PB 0x0000000596800000| Untracked |  0
| 302|0x0000000597000000, 0x0000000597000000, 0x0000000597800000|  0%| F|  |TAMS 0x0000000597000000| PB 0x0000000597000000| Untracked |  0
| 303|0x0000000597800000, 0x0000000597800000, 0x0000000598000000|  0%| F|  |TAMS 0x0000000597800000| PB 0x0000000597800000| Untracked |  0
| 304|0x0000000598000000, 0x0000000598000000, 0x0000000598800000|  0%| F|  |TAMS 0x0000000598000000| PB 0x0000000598000000| Untracked |  0
| 305|0x0000000598800000, 0x0000000598800000, 0x0000000599000000|  0%| F|  |TAMS 0x0000000598800000| PB 0x0000000598800000| Untracked |  0
| 306|0x0000000599000000, 0x0000000599000000, 0x0000000599800000|  0%| F|  |TAMS 0x0000000599000000| PB 0x0000000599000000| Untracked |  0
| 307|0x0000000599800000, 0x0000000599800000, 0x000000059a000000|  0%| F|  |TAMS 0x0000000599800000| PB 0x0000000599800000| Untracked |  0
| 308|0x000000059a000000, 0x000000059a000000, 0x000000059a800000|  0%| F|  |TAMS 0x000000059a000000| PB 0x000000059a000000| Untracked |  0
| 309|0x000000059a800000, 0x000000059a800000, 0x000000059b000000|  0%| F|  |TAMS 0x000000059a800000| PB 0x000000059a800000| Untracked |  0
| 310|0x000000059b000000, 0x000000059b000000, 0x000000059b800000|  0%| F|  |TAMS 0x000000059b000000| PB 0x000000059b000000| Untracked |  0
| 311|0x000000059b800000, 0x000000059b800000, 0x000000059c000000|  0%| F|  |TAMS 0x000000059b800000| PB 0x000000059b800000| Untracked |  0
| 312|0x000000059c000000, 0x000000059c000000, 0x000000059c800000|  0%| F|  |TAMS 0x000000059c000000| PB 0x000000059c000000| Untracked |  0
| 313|0x000000059c800000, 0x000000059c800000, 0x000000059d000000|  0%| F|  |TAMS 0x000000059c800000| PB 0x000000059c800000| Untracked |  0
| 314|0x000000059d000000, 0x000000059d000000, 0x000000059d800000|  0%| F|  |TAMS 0x000000059d000000| PB 0x000000059d000000| Untracked |  0
| 315|0x000000059d800000, 0x000000059d800000, 0x000000059e000000|  0%| F|  |TAMS 0x000000059d800000| PB 0x000000059d800000| Untracked |  0
| 316|0x000000059e000000, 0x000000059e000000, 0x000000059e800000|  0%| F|  |TAMS 0x000000059e000000| PB 0x000000059e000000| Untracked |  0
| 317|0x000000059e800000, 0x000000059f000000, 0x000000059f000000|100%| O|  |TAMS 0x000000059e800000| PB 0x000000059e800000| Untracked |  0
| 318|0x000000059f000000, 0x000000059f000000, 0x000000059f800000|  0%| F|  |TAMS 0x000000059f000000| PB 0x000000059f000000| Untracked |  0
| 319|0x000000059f800000, 0x000000059f800000, 0x00000005a0000000|  0%| F|  |TAMS 0x000000059f800000| PB 0x000000059f800000| Untracked |  0
| 320|0x00000005a0000000, 0x00000005a0000000, 0x00000005a0800000|  0%| F|  |TAMS 0x00000005a0000000| PB 0x00000005a0000000| Untracked |  0
| 321|0x00000005a0800000, 0x00000005a0800000, 0x00000005a1000000|  0%| F|  |TAMS 0x00000005a0800000| PB 0x00000005a0800000| Untracked |  0
| 322|0x00000005a1000000, 0x00000005a1000000, 0x00000005a1800000|  0%| F|  |TAMS 0x00000005a1000000| PB 0x00000005a1000000| Untracked |  0
| 323|0x00000005a1800000, 0x00000005a1800000, 0x00000005a2000000|  0%| F|  |TAMS 0x00000005a1800000| PB 0x00000005a1800000| Untracked |  0
| 324|0x00000005a2000000, 0x00000005a2000000, 0x00000005a2800000|  0%| F|  |TAMS 0x00000005a2000000| PB 0x00000005a2000000| Untracked |  0
| 325|0x00000005a2800000, 0x00000005a2800000, 0x00000005a3000000|  0%| F|  |TAMS 0x00000005a2800000| PB 0x00000005a2800000| Untracked |  0
| 326|0x00000005a3000000, 0x00000005a3000000, 0x00000005a3800000|  0%| F|  |TAMS 0x00000005a3000000| PB 0x00000005a3000000| Untracked |  0
| 327|0x00000005a3800000, 0x00000005a3800000, 0x00000005a4000000|  0%| F|  |TAMS 0x00000005a3800000| PB 0x00000005a3800000| Untracked |  0
| 328|0x00000005a4000000, 0x00000005a4000000, 0x00000005a4800000|  0%| F|  |TAMS 0x00000005a4000000| PB 0x00000005a4000000| Untracked |  0
| 329|0x00000005a4800000, 0x00000005a4800000, 0x00000005a5000000|  0%| F|  |TAMS 0x00000005a4800000| PB 0x00000005a4800000| Untracked |  0
| 330|0x00000005a5000000, 0x00000005a5000000, 0x00000005a5800000|  0%| F|  |TAMS 0x00000005a5000000| PB 0x00000005a5000000| Untracked |  0
| 331|0x00000005a5800000, 0x00000005a5800000, 0x00000005a6000000|  0%| F|  |TAMS 0x00000005a5800000| PB 0x00000005a5800000| Untracked |  0
| 332|0x00000005a6000000, 0x00000005a6000000, 0x00000005a6800000|  0%| F|  |TAMS 0x00000005a6000000| PB 0x00000005a6000000| Untracked |  0
| 333|0x00000005a6800000, 0x00000005a6800000, 0x00000005a7000000|  0%| F|  |TAMS 0x00000005a6800000| PB 0x00000005a6800000| Untracked |  0
| 334|0x00000005a7000000, 0x00000005a7000000, 0x00000005a7800000|  0%| F|  |TAMS 0x00000005a7000000| PB 0x00000005a7000000| Untracked |  0
| 335|0x00000005a7800000, 0x00000005a7800000, 0x00000005a8000000|  0%| F|  |TAMS 0x00000005a7800000| PB 0x00000005a7800000| Untracked |  0
| 336|0x00000005a8000000, 0x00000005a8000000, 0x00000005a8800000|  0%| F|  |TAMS 0x00000005a8000000| PB 0x00000005a8000000| Untracked |  0
| 337|0x00000005a8800000, 0x00000005a8800000, 0x00000005a9000000|  0%| F|  |TAMS 0x00000005a8800000| PB 0x00000005a8800000| Untracked |  0
| 338|0x00000005a9000000, 0x00000005a9000000, 0x00000005a9800000|  0%| F|  |TAMS 0x00000005a9000000| PB 0x00000005a9000000| Untracked |  0
| 339|0x00000005a9800000, 0x00000005a9800000, 0x00000005aa000000|  0%| F|  |TAMS 0x00000005a9800000| PB 0x00000005a9800000| Untracked |  0
| 340|0x00000005aa000000, 0x00000005aa000000, 0x00000005aa800000|  0%| F|  |TAMS 0x00000005aa000000| PB 0x00000005aa000000| Untracked |  0
| 341|0x00000005aa800000, 0x00000005aa800000, 0x00000005ab000000|  0%| F|  |TAMS 0x00000005aa800000| PB 0x00000005aa800000| Untracked |  0
| 342|0x00000005ab000000, 0x00000005ab000000, 0x00000005ab800000|  0%| F|  |TAMS 0x00000005ab000000| PB 0x00000005ab000000| Untracked |  0
| 343|0x00000005ab800000, 0x00000005ab800000, 0x00000005ac000000|  0%| F|  |TAMS 0x00000005ab800000| PB 0x00000005ab800000| Untracked |  0
| 344|0x00000005ac000000, 0x00000005ac000000, 0x00000005ac800000|  0%| F|  |TAMS 0x00000005ac000000| PB 0x00000005ac000000| Untracked |  0
| 345|0x00000005ac800000, 0x00000005ac800000, 0x00000005ad000000|  0%| F|  |TAMS 0x00000005ac800000| PB 0x00000005ac800000| Untracked |  0
| 346|0x00000005ad000000, 0x00000005ad000000, 0x00000005ad800000|  0%| F|  |TAMS 0x00000005ad000000| PB 0x00000005ad000000| Untracked |  0
| 347|0x00000005ad800000, 0x00000005ad800000, 0x00000005ae000000|  0%| F|  |TAMS 0x00000005ad800000| PB 0x00000005ad800000| Untracked |  0
| 348|0x00000005ae000000, 0x00000005ae000000, 0x00000005ae800000|  0%| F|  |TAMS 0x00000005ae000000| PB 0x00000005ae000000| Untracked |  0
| 349|0x00000005ae800000, 0x00000005ae800000, 0x00000005af000000|  0%| F|  |TAMS 0x00000005ae800000| PB 0x00000005ae800000| Untracked |  0
| 350|0x00000005af000000, 0x00000005af000000, 0x00000005af800000|  0%| F|  |TAMS 0x00000005af000000| PB 0x00000005af000000| Untracked |  0
| 351|0x00000005af800000, 0x00000005af800000, 0x00000005b0000000|  0%| F|  |TAMS 0x00000005af800000| PB 0x00000005af800000| Untracked |  0
| 352|0x00000005b0000000, 0x00000005b0800000, 0x00000005b0800000|100%| S|CS|TAMS 0x00000005b0000000| PB 0x00000005b0000000| Complete |  0
| 353|0x00000005b0800000, 0x00000005b1000000, 0x00000005b1000000|100%| S|CS|TAMS 0x00000005b0800000| PB 0x00000005b0800000| Complete |  0
| 354|0x00000005b1000000, 0x00000005b1800000, 0x00000005b1800000|100%| S|CS|TAMS 0x00000005b1000000| PB 0x00000005b1000000| Complete |  0
| 355|0x00000005b1800000, 0x00000005b2000000, 0x00000005b2000000|100%| S|CS|TAMS 0x00000005b1800000| PB 0x00000005b1800000| Complete |  0
| 356|0x00000005b2000000, 0x00000005b2800000, 0x00000005b2800000|100%| S|CS|TAMS 0x00000005b2000000| PB 0x00000005b2000000| Complete |  0
| 357|0x00000005b2800000, 0x00000005b3000000, 0x00000005b3000000|100%| S|CS|TAMS 0x00000005b2800000| PB 0x00000005b2800000| Complete |  0
| 358|0x00000005b3000000, 0x00000005b3800000, 0x00000005b3800000|100%| S|CS|TAMS 0x00000005b3000000| PB 0x00000005b3000000| Complete |  0
| 359|0x00000005b3800000, 0x00000005b4000000, 0x00000005b4000000|100%| S|CS|TAMS 0x00000005b3800000| PB 0x00000005b3800000| Complete |  0
| 360|0x00000005b4000000, 0x00000005b4800000, 0x00000005b4800000|100%| S|CS|TAMS 0x00000005b4000000| PB 0x00000005b4000000| Complete |  0
| 361|0x00000005b4800000, 0x00000005b5000000, 0x00000005b5000000|100%| S|CS|TAMS 0x00000005b4800000| PB 0x00000005b4800000| Complete |  0
| 362|0x00000005b5000000, 0x00000005b5800000, 0x00000005b5800000|100%| S|CS|TAMS 0x00000005b5000000| PB 0x00000005b5000000| Complete |  0
| 363|0x00000005b5800000, 0x00000005b6000000, 0x00000005b6000000|100%| S|CS|TAMS 0x00000005b5800000| PB 0x00000005b5800000| Complete |  0
| 364|0x00000005b6000000, 0x00000005b6000000, 0x00000005b6800000|  0%| F|  |TAMS 0x00000005b6000000| PB 0x00000005b6000000| Untracked |  0
| 365|0x00000005b6800000, 0x00000005b6800000, 0x00000005b7000000|  0%| F|  |TAMS 0x00000005b6800000| PB 0x00000005b6800000| Untracked |  0
| 366|0x00000005b7000000, 0x00000005b7000000, 0x00000005b7800000|  0%| F|  |TAMS 0x00000005b7000000| PB 0x00000005b7000000| Untracked |  0
| 367|0x00000005b7800000, 0x00000005b7800000, 0x00000005b8000000|  0%| F|  |TAMS 0x00000005b7800000| PB 0x00000005b7800000| Untracked |  0
| 368|0x00000005b8000000, 0x00000005b8000000, 0x00000005b8800000|  0%| F|  |TAMS 0x00000005b8000000| PB 0x00000005b8000000| Untracked |  0
| 369|0x00000005b8800000, 0x00000005b8800000, 0x00000005b9000000|  0%| F|  |TAMS 0x00000005b8800000| PB 0x00000005b8800000| Untracked |  0
| 370|0x00000005b9000000, 0x00000005b9000000, 0x00000005b9800000|  0%| F|  |TAMS 0x00000005b9000000| PB 0x00000005b9000000| Untracked |  0
| 371|0x00000005b9800000, 0x00000005b9800000, 0x00000005ba000000|  0%| F|  |TAMS 0x00000005b9800000| PB 0x00000005b9800000| Untracked |  0
| 372|0x00000005ba000000, 0x00000005ba000000, 0x00000005ba800000|  0%| F|  |TAMS 0x00000005ba000000| PB 0x00000005ba000000| Untracked |  0
| 373|0x00000005ba800000, 0x00000005ba800000, 0x00000005bb000000|  0%| F|  |TAMS 0x00000005ba800000| PB 0x00000005ba800000| Untracked |  0
| 374|0x00000005bb000000, 0x00000005bb000000, 0x00000005bb800000|  0%| F|  |TAMS 0x00000005bb000000| PB 0x00000005bb000000| Untracked |  0
| 375|0x00000005bb800000, 0x00000005bb800000, 0x00000005bc000000|  0%| F|  |TAMS 0x00000005bb800000| PB 0x00000005bb800000| Untracked |  0
| 376|0x00000005bc000000, 0x00000005bc000000, 0x00000005bc800000|  0%| F|  |TAMS 0x00000005bc000000| PB 0x00000005bc000000| Untracked |  0
| 377|0x00000005bc800000, 0x00000005bc800000, 0x00000005bd000000|  0%| F|  |TAMS 0x00000005bc800000| PB 0x00000005bc800000| Untracked |  0
| 378|0x00000005bd000000, 0x00000005bd000000, 0x00000005bd800000|  0%| F|  |TAMS 0x00000005bd000000| PB 0x00000005bd000000| Untracked |  0
| 379|0x00000005bd800000, 0x00000005bd800000, 0x00000005be000000|  0%| F|  |TAMS 0x00000005bd800000| PB 0x00000005bd800000| Untracked |  0
| 380|0x00000005be000000, 0x00000005be000000, 0x00000005be800000|  0%| F|  |TAMS 0x00000005be000000| PB 0x00000005be000000| Untracked |  0
| 381|0x00000005be800000, 0x00000005be800000, 0x00000005bf000000|  0%| F|  |TAMS 0x00000005be800000| PB 0x00000005be800000| Untracked |  0
| 382|0x00000005bf000000, 0x00000005bf000000, 0x00000005bf800000|  0%| F|  |TAMS 0x00000005bf000000| PB 0x00000005bf000000| Untracked |  0
| 383|0x00000005bf800000, 0x00000005bf800000, 0x00000005c0000000|  0%| F|  |TAMS 0x00000005bf800000| PB 0x00000005bf800000| Untracked |  0
| 384|0x00000005c0000000, 0x00000005c0000000, 0x00000005c0800000|  0%| F|  |TAMS 0x00000005c0000000| PB 0x00000005c0000000| Untracked |  0
| 385|0x00000005c0800000, 0x00000005c0800000, 0x00000005c1000000|  0%| F|  |TAMS 0x00000005c0800000| PB 0x00000005c0800000| Untracked |  0
| 386|0x00000005c1000000, 0x00000005c1000000, 0x00000005c1800000|  0%| F|  |TAMS 0x00000005c1000000| PB 0x00000005c1000000| Untracked |  0
| 387|0x00000005c1800000, 0x00000005c1800000, 0x00000005c2000000|  0%| F|  |TAMS 0x00000005c1800000| PB 0x00000005c1800000| Untracked |  0
| 388|0x00000005c2000000, 0x00000005c2000000, 0x00000005c2800000|  0%| F|  |TAMS 0x00000005c2000000| PB 0x00000005c2000000| Untracked |  0
| 389|0x00000005c2800000, 0x00000005c2800000, 0x00000005c3000000|  0%| F|  |TAMS 0x00000005c2800000| PB 0x00000005c2800000| Untracked |  0
| 390|0x00000005c3000000, 0x00000005c3000000, 0x00000005c3800000|  0%| F|  |TAMS 0x00000005c3000000| PB 0x00000005c3000000| Untracked |  0
| 391|0x00000005c3800000, 0x00000005c3800000, 0x00000005c4000000|  0%| F|  |TAMS 0x00000005c3800000| PB 0x00000005c3800000| Untracked |  0
| 392|0x00000005c4000000, 0x00000005c4000000, 0x00000005c4800000|  0%| F|  |TAMS 0x00000005c4000000| PB 0x00000005c4000000| Untracked |  0
| 393|0x00000005c4800000, 0x00000005c4800000, 0x00000005c5000000|  0%| F|  |TAMS 0x00000005c4800000| PB 0x00000005c4800000| Untracked |  0
| 394|0x00000005c5000000, 0x00000005c5000000, 0x00000005c5800000|  0%| F|  |TAMS 0x00000005c5000000| PB 0x00000005c5000000| Untracked |  0
| 395|0x00000005c5800000, 0x00000005c5800000, 0x00000005c6000000|  0%| F|  |TAMS 0x00000005c5800000| PB 0x00000005c5800000| Untracked |  0
| 396|0x00000005c6000000, 0x00000005c6000000, 0x00000005c6800000|  0%| F|  |TAMS 0x00000005c6000000| PB 0x00000005c6000000| Untracked |  0
| 397|0x00000005c6800000, 0x00000005c7000000, 0x00000005c7000000|100%| S|CS|TAMS 0x00000005c6800000| PB 0x00000005c6800000| Complete |  0
| 398|0x00000005c7000000, 0x00000005c7800000, 0x00000005c7800000|100%| S|CS|TAMS 0x00000005c7000000| PB 0x00000005c7000000| Complete |  0
| 399|0x00000005c7800000, 0x00000005c8000000, 0x00000005c8000000|100%| S|CS|TAMS 0x00000005c7800000| PB 0x00000005c7800000| Complete |  0
| 400|0x00000005c8000000, 0x00000005c8800000, 0x00000005c8800000|100%| S|CS|TAMS 0x00000005c8000000| PB 0x00000005c8000000| Complete |  0
| 401|0x00000005c8800000, 0x00000005c9000000, 0x00000005c9000000|100%| S|CS|TAMS 0x00000005c8800000| PB 0x00000005c8800000| Complete |  0
| 402|0x00000005c9000000, 0x00000005c9800000, 0x00000005c9800000|100%| S|CS|TAMS 0x00000005c9000000| PB 0x00000005c9000000| Complete |  0
| 403|0x00000005c9800000, 0x00000005ca000000, 0x00000005ca000000|100%| S|CS|TAMS 0x00000005c9800000| PB 0x00000005c9800000| Complete |  0
| 404|0x00000005ca000000, 0x00000005ca800000, 0x00000005ca800000|100%| S|CS|TAMS 0x00000005ca000000| PB 0x00000005ca000000| Complete |  0
| 405|0x00000005ca800000, 0x00000005cb000000, 0x00000005cb000000|100%| S|CS|TAMS 0x00000005ca800000| PB 0x00000005ca800000| Complete |  0
| 406|0x00000005cb000000, 0x00000005cb800000, 0x00000005cb800000|100%| S|CS|TAMS 0x00000005cb000000| PB 0x00000005cb000000| Complete |  0
| 407|0x00000005cb800000, 0x00000005cc000000, 0x00000005cc000000|100%| S|CS|TAMS 0x00000005cb800000| PB 0x00000005cb800000| Complete |  0
| 408|0x00000005cc000000, 0x00000005cc800000, 0x00000005cc800000|100%| S|CS|TAMS 0x00000005cc000000| PB 0x00000005cc000000| Complete |  0
| 409|0x00000005cc800000, 0x00000005cd000000, 0x00000005cd000000|100%| S|CS|TAMS 0x00000005cc800000| PB 0x00000005cc800000| Complete |  0
| 410|0x00000005cd000000, 0x00000005cd800000, 0x00000005cd800000|100%| S|CS|TAMS 0x00000005cd000000| PB 0x00000005cd000000| Complete |  0
| 411|0x00000005cd800000, 0x00000005ce000000, 0x00000005ce000000|100%| S|CS|TAMS 0x00000005cd800000| PB 0x00000005cd800000| Complete |  0
| 412|0x00000005ce000000, 0x00000005ce800000, 0x00000005ce800000|100%| S|CS|TAMS 0x00000005ce000000| PB 0x00000005ce000000| Complete |  0
| 413|0x00000005ce800000, 0x00000005cf000000, 0x00000005cf000000|100%| S|CS|TAMS 0x00000005ce800000| PB 0x00000005ce800000| Complete |  0
| 414|0x00000005cf000000, 0x00000005cf800000, 0x00000005cf800000|100%| S|CS|TAMS 0x00000005cf000000| PB 0x00000005cf000000| Complete |  0
| 415|0x00000005cf800000, 0x00000005d0000000, 0x00000005d0000000|100%| S|CS|TAMS 0x00000005cf800000| PB 0x00000005cf800000| Complete |  0
| 416|0x00000005d0000000, 0x00000005d0800000, 0x00000005d0800000|100%| S|CS|TAMS 0x00000005d0000000| PB 0x00000005d0000000| Complete |  0
| 417|0x00000005d0800000, 0x00000005d1000000, 0x00000005d1000000|100%| S|CS|TAMS 0x00000005d0800000| PB 0x00000005d0800000| Complete |  0
| 418|0x00000005d1000000, 0x00000005d1800000, 0x00000005d1800000|100%| S|CS|TAMS 0x00000005d1000000| PB 0x00000005d1000000| Complete |  0
| 419|0x00000005d1800000, 0x00000005d2000000, 0x00000005d2000000|100%| S|CS|TAMS 0x00000005d1800000| PB 0x00000005d1800000| Complete |  0
| 420|0x00000005d2000000, 0x00000005d2800000, 0x00000005d2800000|100%| S|CS|TAMS 0x00000005d2000000| PB 0x00000005d2000000| Complete |  0
| 421|0x00000005d2800000, 0x00000005d3000000, 0x00000005d3000000|100%| S|CS|TAMS 0x00000005d2800000| PB 0x00000005d2800000| Complete |  0
| 422|0x00000005d3000000, 0x00000005d3800000, 0x00000005d3800000|100%| S|CS|TAMS 0x00000005d3000000| PB 0x00000005d3000000| Complete |  0
| 423|0x00000005d3800000, 0x00000005d4000000, 0x00000005d4000000|100%| S|CS|TAMS 0x00000005d3800000| PB 0x00000005d3800000| Complete |  0
| 424|0x00000005d4000000, 0x00000005d4800000, 0x00000005d4800000|100%| S|CS|TAMS 0x00000005d4000000| PB 0x00000005d4000000| Complete |  0
| 425|0x00000005d4800000, 0x00000005d5000000, 0x00000005d5000000|100%| S|CS|TAMS 0x00000005d4800000| PB 0x00000005d4800000| Complete |  0
| 426|0x00000005d5000000, 0x00000005d5800000, 0x00000005d5800000|100%| S|CS|TAMS 0x00000005d5000000| PB 0x00000005d5000000| Complete |  0
| 427|0x00000005d5800000, 0x00000005d6000000, 0x00000005d6000000|100%| S|CS|TAMS 0x00000005d5800000| PB 0x00000005d5800000| Complete |  0
| 428|0x00000005d6000000, 0x00000005d6800000, 0x00000005d6800000|100%| S|CS|TAMS 0x00000005d6000000| PB 0x00000005d6000000| Complete |  0
| 429|0x00000005d6800000, 0x00000005d7000000, 0x00000005d7000000|100%| S|CS|TAMS 0x00000005d6800000| PB 0x00000005d6800000| Complete |  0
| 430|0x00000005d7000000, 0x00000005d7000000, 0x00000005d7800000|  0%| F|  |TAMS 0x00000005d7000000| PB 0x00000005d7000000| Untracked |  0
| 431|0x00000005d7800000, 0x00000005d7800000, 0x00000005d8000000|  0%| F|  |TAMS 0x00000005d7800000| PB 0x00000005d7800000| Untracked |  0
| 432|0x00000005d8000000, 0x00000005d8000000, 0x00000005d8800000|  0%| F|  |TAMS 0x00000005d8000000| PB 0x00000005d8000000| Untracked |  0
| 433|0x00000005d8800000, 0x00000005d8800000, 0x00000005d9000000|  0%| F|  |TAMS 0x00000005d8800000| PB 0x00000005d8800000| Untracked |  0
| 434|0x00000005d9000000, 0x00000005d9000000, 0x00000005d9800000|  0%| F|  |TAMS 0x00000005d9000000| PB 0x00000005d9000000| Untracked |  0
| 435|0x00000005d9800000, 0x00000005d9800000, 0x00000005da000000|  0%| F|  |TAMS 0x00000005d9800000| PB 0x00000005d9800000| Untracked |  0
| 436|0x00000005da000000, 0x00000005da000000, 0x00000005da800000|  0%| F|  |TAMS 0x00000005da000000| PB 0x00000005da000000| Untracked |  0
| 437|0x00000005da800000, 0x00000005da800000, 0x00000005db000000|  0%| F|  |TAMS 0x00000005da800000| PB 0x00000005da800000| Untracked |  0
| 438|0x00000005db000000, 0x00000005db000000, 0x00000005db800000|  0%| F|  |TAMS 0x00000005db000000| PB 0x00000005db000000| Untracked |  0
| 439|0x00000005db800000, 0x00000005db800000, 0x00000005dc000000|  0%| F|  |TAMS 0x00000005db800000| PB 0x00000005db800000| Untracked |  0
| 440|0x00000005dc000000, 0x00000005dc000000, 0x00000005dc800000|  0%| F|  |TAMS 0x00000005dc000000| PB 0x00000005dc000000| Untracked |  0
| 441|0x00000005dc800000, 0x00000005dc800000, 0x00000005dd000000|  0%| F|  |TAMS 0x00000005dc800000| PB 0x00000005dc800000| Untracked |  0
| 442|0x00000005dd000000, 0x00000005dd000000, 0x00000005dd800000|  0%| F|  |TAMS 0x00000005dd000000| PB 0x00000005dd000000| Untracked |  0
| 443|0x00000005dd800000, 0x00000005dd800000, 0x00000005de000000|  0%| F|  |TAMS 0x00000005dd800000| PB 0x00000005dd800000| Untracked |  0
| 444|0x00000005de000000, 0x00000005de000000, 0x00000005de800000|  0%| F|  |TAMS 0x00000005de000000| PB 0x00000005de000000| Untracked |  0
| 445|0x00000005de800000, 0x00000005de800000, 0x00000005df000000|  0%| F|  |TAMS 0x00000005de800000| PB 0x00000005de800000| Untracked |  0
| 446|0x00000005df000000, 0x00000005df000000, 0x00000005df800000|  0%| F|  |TAMS 0x00000005df000000| PB 0x00000005df000000| Untracked |  0
| 447|0x00000005df800000, 0x00000005df800000, 0x00000005e0000000|  0%| F|  |TAMS 0x00000005df800000| PB 0x00000005df800000| Untracked |  0
| 448|0x00000005e0000000, 0x00000005e0000000, 0x00000005e0800000|  0%| F|  |TAMS 0x00000005e0000000| PB 0x00000005e0000000| Untracked |  0
| 449|0x00000005e0800000, 0x00000005e0800000, 0x00000005e1000000|  0%| F|  |TAMS 0x00000005e0800000| PB 0x00000005e0800000| Untracked |  0
| 450|0x00000005e1000000, 0x00000005e1000000, 0x00000005e1800000|  0%| F|  |TAMS 0x00000005e1000000| PB 0x00000005e1000000| Untracked |  0
| 451|0x00000005e1800000, 0x00000005e1800000, 0x00000005e2000000|  0%| F|  |TAMS 0x00000005e1800000| PB 0x00000005e1800000| Untracked |  0
| 452|0x00000005e2000000, 0x00000005e2000000, 0x00000005e2800000|  0%| F|  |TAMS 0x00000005e2000000| PB 0x00000005e2000000| Untracked |  0
| 453|0x00000005e2800000, 0x00000005e2800000, 0x00000005e3000000|  0%| F|  |TAMS 0x00000005e2800000| PB 0x00000005e2800000| Untracked |  0
| 454|0x00000005e3000000, 0x00000005e3000000, 0x00000005e3800000|  0%| F|  |TAMS 0x00000005e3000000| PB 0x00000005e3000000| Untracked |  0
| 455|0x00000005e3800000, 0x00000005e3800000, 0x00000005e4000000|  0%| F|  |TAMS 0x00000005e3800000| PB 0x00000005e3800000| Untracked |  0
| 456|0x00000005e4000000, 0x00000005e4000000, 0x00000005e4800000|  0%| F|  |TAMS 0x00000005e4000000| PB 0x00000005e4000000| Untracked |  0
| 457|0x00000005e4800000, 0x00000005e4800000, 0x00000005e5000000|  0%| F|  |TAMS 0x00000005e4800000| PB 0x00000005e4800000| Untracked |  0
| 458|0x00000005e5000000, 0x00000005e5000000, 0x00000005e5800000|  0%| F|  |TAMS 0x00000005e5000000| PB 0x00000005e5000000| Untracked |  0
| 459|0x00000005e5800000, 0x00000005e5800000, 0x00000005e6000000|  0%| F|  |TAMS 0x00000005e5800000| PB 0x00000005e5800000| Untracked |  0
| 460|0x00000005e6000000, 0x00000005e6000000, 0x00000005e6800000|  0%| F|  |TAMS 0x00000005e6000000| PB 0x00000005e6000000| Untracked |  0
| 461|0x00000005e6800000, 0x00000005e6800000, 0x00000005e7000000|  0%| F|  |TAMS 0x00000005e6800000| PB 0x00000005e6800000| Untracked |  0
| 462|0x00000005e7000000, 0x00000005e7000000, 0x00000005e7800000|  0%| F|  |TAMS 0x00000005e7000000| PB 0x00000005e7000000| Untracked |  0
| 463|0x00000005e7800000, 0x00000005e7800000, 0x00000005e8000000|  0%| F|  |TAMS 0x00000005e7800000| PB 0x00000005e7800000| Untracked |  0
| 464|0x00000005e8000000, 0x00000005e8000000, 0x00000005e8800000|  0%| F|  |TAMS 0x00000005e8000000| PB 0x00000005e8000000| Untracked |  0
| 465|0x00000005e8800000, 0x00000005e8800000, 0x00000005e9000000|  0%| F|  |TAMS 0x00000005e8800000| PB 0x00000005e8800000| Untracked |  0
| 466|0x00000005e9000000, 0x00000005e9000000, 0x00000005e9800000|  0%| F|  |TAMS 0x00000005e9000000| PB 0x00000005e9000000| Untracked |  0
| 467|0x00000005e9800000, 0x00000005e9800000, 0x00000005ea000000|  0%| F|  |TAMS 0x00000005e9800000| PB 0x00000005e9800000| Untracked |  0
| 468|0x00000005ea000000, 0x00000005ea000000, 0x00000005ea800000|  0%| F|  |TAMS 0x00000005ea000000| PB 0x00000005ea000000| Untracked |  0
| 469|0x00000005ea800000, 0x00000005ea800000, 0x00000005eb000000|  0%| F|  |TAMS 0x00000005ea800000| PB 0x00000005ea800000| Untracked |  0
| 470|0x00000005eb000000, 0x00000005eb000000, 0x00000005eb800000|  0%| F|  |TAMS 0x00000005eb000000| PB 0x00000005eb000000| Untracked |  0
| 471|0x00000005eb800000, 0x00000005eb800000, 0x00000005ec000000|  0%| F|  |TAMS 0x00000005eb800000| PB 0x00000005eb800000| Untracked |  0
| 472|0x00000005ec000000, 0x00000005ec000000, 0x00000005ec800000|  0%| F|  |TAMS 0x00000005ec000000| PB 0x00000005ec000000| Untracked |  0
| 473|0x00000005ec800000, 0x00000005ec800000, 0x00000005ed000000|  0%| F|  |TAMS 0x00000005ec800000| PB 0x00000005ec800000| Untracked |  0
| 474|0x00000005ed000000, 0x00000005ed000000, 0x00000005ed800000|  0%| F|  |TAMS 0x00000005ed000000| PB 0x00000005ed000000| Untracked |  0
| 475|0x00000005ed800000, 0x00000005ed800000, 0x00000005ee000000|  0%| F|  |TAMS 0x00000005ed800000| PB 0x00000005ed800000| Untracked |  0
| 476|0x00000005ee000000, 0x00000005ee000000, 0x00000005ee800000|  0%| F|  |TAMS 0x00000005ee000000| PB 0x00000005ee000000| Untracked |  0
| 477|0x00000005ee800000, 0x00000005ee800000, 0x00000005ef000000|  0%| F|  |TAMS 0x00000005ee800000| PB 0x00000005ee800000| Untracked |  0
| 478|0x00000005ef000000, 0x00000005ef000000, 0x00000005ef800000|  0%| F|  |TAMS 0x00000005ef000000| PB 0x00000005ef000000| Untracked |  0
| 479|0x00000005ef800000, 0x00000005ef800000, 0x00000005f0000000|  0%| F|  |TAMS 0x00000005ef800000| PB 0x00000005ef800000| Untracked |  0
| 480|0x00000005f0000000, 0x00000005f0000000, 0x00000005f0800000|  0%| F|  |TAMS 0x00000005f0000000| PB 0x00000005f0000000| Untracked |  0
| 481|0x00000005f0800000, 0x00000005f0800000, 0x00000005f1000000|  0%| F|  |TAMS 0x00000005f0800000| PB 0x00000005f0800000| Untracked |  0
| 482|0x00000005f1000000, 0x00000005f1000000, 0x00000005f1800000|  0%| F|  |TAMS 0x00000005f1000000| PB 0x00000005f1000000| Untracked |  0
| 483|0x00000005f1800000, 0x00000005f1800000, 0x00000005f2000000|  0%| F|  |TAMS 0x00000005f1800000| PB 0x00000005f1800000| Untracked |  0
| 484|0x00000005f2000000, 0x00000005f2000000, 0x00000005f2800000|  0%| F|  |TAMS 0x00000005f2000000| PB 0x00000005f2000000| Untracked |  0
| 485|0x00000005f2800000, 0x00000005f2800000, 0x00000005f3000000|  0%| F|  |TAMS 0x00000005f2800000| PB 0x00000005f2800000| Untracked |  0
| 486|0x00000005f3000000, 0x00000005f3000000, 0x00000005f3800000|  0%| F|  |TAMS 0x00000005f3000000| PB 0x00000005f3000000| Untracked |  0
| 487|0x00000005f3800000, 0x00000005f3800000, 0x00000005f4000000|  0%| F|  |TAMS 0x00000005f3800000| PB 0x00000005f3800000| Untracked |  0
| 488|0x00000005f4000000, 0x00000005f4000000, 0x00000005f4800000|  0%| F|  |TAMS 0x00000005f4000000| PB 0x00000005f4000000| Untracked |  0
| 489|0x00000005f4800000, 0x00000005f4800000, 0x00000005f5000000|  0%| F|  |TAMS 0x00000005f4800000| PB 0x00000005f4800000| Untracked |  0
| 490|0x00000005f5000000, 0x00000005f5000000, 0x00000005f5800000|  0%| F|  |TAMS 0x00000005f5000000| PB 0x00000005f5000000| Untracked |  0
| 491|0x00000005f5800000, 0x00000005f5800000, 0x00000005f6000000|  0%| F|  |TAMS 0x00000005f5800000| PB 0x00000005f5800000| Untracked |  0
| 492|0x00000005f6000000, 0x00000005f6000000, 0x00000005f6800000|  0%| F|  |TAMS 0x00000005f6000000| PB 0x00000005f6000000| Untracked |  0
| 493|0x00000005f6800000, 0x00000005f6800000, 0x00000005f7000000|  0%| F|  |TAMS 0x00000005f6800000| PB 0x00000005f6800000| Untracked |  0
| 494|0x00000005f7000000, 0x00000005f7000000, 0x00000005f7800000|  0%| F|  |TAMS 0x00000005f7000000| PB 0x00000005f7000000| Untracked |  0
| 495|0x00000005f7800000, 0x00000005f7800000, 0x00000005f8000000|  0%| F|  |TAMS 0x00000005f7800000| PB 0x00000005f7800000| Untracked |  0
| 496|0x00000005f8000000, 0x00000005f8000000, 0x00000005f8800000|  0%| F|  |TAMS 0x00000005f8000000| PB 0x00000005f8000000| Untracked |  0
| 497|0x00000005f8800000, 0x00000005f8800000, 0x00000005f9000000|  0%| F|  |TAMS 0x00000005f8800000| PB 0x00000005f8800000| Untracked |  0
| 498|0x00000005f9000000, 0x00000005f9000000, 0x00000005f9800000|  0%| F|  |TAMS 0x00000005f9000000| PB 0x00000005f9000000| Untracked |  0
| 499|0x00000005f9800000, 0x00000005f9800000, 0x00000005fa000000|  0%| F|  |TAMS 0x00000005f9800000| PB 0x00000005f9800000| Untracked |  0
| 500|0x00000005fa000000, 0x00000005fa000000, 0x00000005fa800000|  0%| F|  |TAMS 0x00000005fa000000| PB 0x00000005fa000000| Untracked |  0
| 501|0x00000005fa800000, 0x00000005fa800000, 0x00000005fb000000|  0%| F|  |TAMS 0x00000005fa800000| PB 0x00000005fa800000| Untracked |  0
| 502|0x00000005fb000000, 0x00000005fb000000, 0x00000005fb800000|  0%| F|  |TAMS 0x00000005fb000000| PB 0x00000005fb000000| Untracked |  0
| 503|0x00000005fb800000, 0x00000005fb800000, 0x00000005fc000000|  0%| F|  |TAMS 0x00000005fb800000| PB 0x00000005fb800000| Untracked |  0
| 504|0x00000005fc000000, 0x00000005fc000000, 0x00000005fc800000|  0%| F|  |TAMS 0x00000005fc000000| PB 0x00000005fc000000| Untracked |  0
| 505|0x00000005fc800000, 0x00000005fc800000, 0x00000005fd000000|  0%| F|  |TAMS 0x00000005fc800000| PB 0x00000005fc800000| Untracked |  0
| 506|0x00000005fd000000, 0x00000005fd000000, 0x00000005fd800000|  0%| F|  |TAMS 0x00000005fd000000| PB 0x00000005fd000000| Untracked |  0
| 507|0x00000005fd800000, 0x00000005fd800000, 0x00000005fe000000|  0%| F|  |TAMS 0x00000005fd800000| PB 0x00000005fd800000| Untracked |  0
| 508|0x00000005fe000000, 0x00000005fe000000, 0x00000005fe800000|  0%| F|  |TAMS 0x00000005fe000000| PB 0x00000005fe000000| Untracked |  0
| 509|0x00000005fe800000, 0x00000005fe800000, 0x00000005ff000000|  0%| F|  |TAMS 0x00000005fe800000| PB 0x00000005fe800000| Untracked |  0
| 510|0x00000005ff000000, 0x00000005ff000000, 0x00000005ff800000|  0%| F|  |TAMS 0x00000005ff000000| PB 0x00000005ff000000| Untracked |  0
| 511|0x00000005ff800000, 0x00000005ff800000, 0x0000000600000000|  0%| F|  |TAMS 0x00000005ff800000| PB 0x00000005ff800000| Untracked |  0
| 512|0x0000000600000000, 0x0000000600000000, 0x0000000600800000|  0%| F|  |TAMS 0x0000000600000000| PB 0x0000000600000000| Untracked |  0
| 513|0x0000000600800000, 0x0000000600800000, 0x0000000601000000|  0%| F|  |TAMS 0x0000000600800000| PB 0x0000000600800000| Untracked |  0
| 514|0x0000000601000000, 0x0000000601000000, 0x0000000601800000|  0%| F|  |TAMS 0x0000000601000000| PB 0x0000000601000000| Untracked |  0
| 515|0x0000000601800000, 0x0000000601800000, 0x0000000602000000|  0%| F|  |TAMS 0x0000000601800000| PB 0x0000000601800000| Untracked |  0
| 516|0x0000000602000000, 0x0000000602000000, 0x0000000602800000|  0%| F|  |TAMS 0x0000000602000000| PB 0x0000000602000000| Untracked |  0
| 517|0x0000000602800000, 0x0000000602800000, 0x0000000603000000|  0%| F|  |TAMS 0x0000000602800000| PB 0x0000000602800000| Untracked |  0
| 518|0x0000000603000000, 0x0000000603000000, 0x0000000603800000|  0%| F|  |TAMS 0x0000000603000000| PB 0x0000000603000000| Untracked |  0
| 519|0x0000000603800000, 0x0000000603800000, 0x0000000604000000|  0%| F|  |TAMS 0x0000000603800000| PB 0x0000000603800000| Untracked |  0
| 520|0x0000000604000000, 0x0000000604000000, 0x0000000604800000|  0%| F|  |TAMS 0x0000000604000000| PB 0x0000000604000000| Untracked |  0
| 521|0x0000000604800000, 0x0000000604800000, 0x0000000605000000|  0%| F|  |TAMS 0x0000000604800000| PB 0x0000000604800000| Untracked |  0
| 522|0x0000000605000000, 0x0000000605000000, 0x0000000605800000|  0%| F|  |TAMS 0x0000000605000000| PB 0x0000000605000000| Untracked |  0
| 523|0x0000000605800000, 0x0000000605800000, 0x0000000606000000|  0%| F|  |TAMS 0x0000000605800000| PB 0x0000000605800000| Untracked |  0
| 524|0x0000000606000000, 0x0000000606000000, 0x0000000606800000|  0%| F|  |TAMS 0x0000000606000000| PB 0x0000000606000000| Untracked |  0
| 525|0x0000000606800000, 0x0000000606800000, 0x0000000607000000|  0%| F|  |TAMS 0x0000000606800000| PB 0x0000000606800000| Untracked |  0
| 526|0x0000000607000000, 0x0000000607000000, 0x0000000607800000|  0%| F|  |TAMS 0x0000000607000000| PB 0x0000000607000000| Untracked |  0
| 527|0x0000000607800000, 0x0000000607800000, 0x0000000608000000|  0%| F|  |TAMS 0x0000000607800000| PB 0x0000000607800000| Untracked |  0
| 528|0x0000000608000000, 0x0000000608000000, 0x0000000608800000|  0%| F|  |TAMS 0x0000000608000000| PB 0x0000000608000000| Untracked |  0
| 529|0x0000000608800000, 0x0000000608800000, 0x0000000609000000|  0%| F|  |TAMS 0x0000000608800000| PB 0x0000000608800000| Untracked |  0
| 530|0x0000000609000000, 0x0000000609000000, 0x0000000609800000|  0%| F|  |TAMS 0x0000000609000000| PB 0x0000000609000000| Untracked |  0
| 531|0x0000000609800000, 0x0000000609800000, 0x000000060a000000|  0%| F|  |TAMS 0x0000000609800000| PB 0x0000000609800000| Untracked |  0
| 532|0x000000060a000000, 0x000000060a000000, 0x000000060a800000|  0%| F|  |TAMS 0x000000060a000000| PB 0x000000060a000000| Untracked |  0
| 533|0x000000060a800000, 0x000000060a800000, 0x000000060b000000|  0%| F|  |TAMS 0x000000060a800000| PB 0x000000060a800000| Untracked |  0
| 534|0x000000060b000000, 0x000000060b000000, 0x000000060b800000|  0%| F|  |TAMS 0x000000060b000000| PB 0x000000060b000000| Untracked |  0
| 535|0x000000060b800000, 0x000000060b800000, 0x000000060c000000|  0%| F|  |TAMS 0x000000060b800000| PB 0x000000060b800000| Untracked |  0
| 536|0x000000060c000000, 0x000000060c000000, 0x000000060c800000|  0%| F|  |TAMS 0x000000060c000000| PB 0x000000060c000000| Untracked |  0
| 537|0x000000060c800000, 0x000000060c800000, 0x000000060d000000|  0%| F|  |TAMS 0x000000060c800000| PB 0x000000060c800000| Untracked |  0
| 538|0x000000060d000000, 0x000000060d000000, 0x000000060d800000|  0%| F|  |TAMS 0x000000060d000000| PB 0x000000060d000000| Untracked |  0
| 539|0x000000060d800000, 0x000000060dc01440, 0x000000060e000000| 50%| E|  |TAMS 0x000000060d800000| PB 0x000000060d800000| Complete |  0
| 540|0x000000060e000000, 0x000000060e800000, 0x000000060e800000|100%| E|CS|TAMS 0x000000060e000000| PB 0x000000060e000000| Complete |  0
| 541|0x000000060e800000, 0x000000060f000000, 0x000000060f000000|100%| E|CS|TAMS 0x000000060e800000| PB 0x000000060e800000| Complete |  0
| 542|0x000000060f000000, 0x000000060f800000, 0x000000060f800000|100%| E|CS|TAMS 0x000000060f000000| PB 0x000000060f000000| Complete |  0
| 543|0x000000060f800000, 0x0000000610000000, 0x0000000610000000|100%| E|CS|TAMS 0x000000060f800000| PB 0x000000060f800000| Complete |  0
| 544|0x0000000610000000, 0x0000000610800000, 0x0000000610800000|100%| E|CS|TAMS 0x0000000610000000| PB 0x0000000610000000| Complete |  0
| 545|0x0000000610800000, 0x0000000611000000, 0x0000000611000000|100%| E|CS|TAMS 0x0000000610800000| PB 0x0000000610800000| Complete |  0
| 546|0x0000000611000000, 0x0000000611800000, 0x0000000611800000|100%| E|CS|TAMS 0x0000000611000000| PB 0x0000000611000000| Complete |  0
| 547|0x0000000611800000, 0x0000000612000000, 0x0000000612000000|100%| E|CS|TAMS 0x0000000611800000| PB 0x0000000611800000| Complete |  0
| 548|0x0000000612000000, 0x0000000612800000, 0x0000000612800000|100%| E|CS|TAMS 0x0000000612000000| PB 0x0000000612000000| Complete |  0
| 549|0x0000000612800000, 0x0000000613000000, 0x0000000613000000|100%| E|CS|TAMS 0x0000000612800000| PB 0x0000000612800000| Complete |  0
| 550|0x0000000613000000, 0x0000000613800000, 0x0000000613800000|100%| E|CS|TAMS 0x0000000613000000| PB 0x0000000613000000| Complete |  0
| 551|0x0000000613800000, 0x0000000614000000, 0x0000000614000000|100%| E|CS|TAMS 0x0000000613800000| PB 0x0000000613800000| Complete |  0
| 552|0x0000000614000000, 0x0000000614800000, 0x0000000614800000|100%| E|CS|TAMS 0x0000000614000000| PB 0x0000000614000000| Complete |  0
| 553|0x0000000614800000, 0x0000000615000000, 0x0000000615000000|100%| E|CS|TAMS 0x0000000614800000| PB 0x0000000614800000| Complete |  0
| 554|0x0000000615000000, 0x0000000615800000, 0x0000000615800000|100%| E|CS|TAMS 0x0000000615000000| PB 0x0000000615000000| Complete |  0
| 555|0x0000000615800000, 0x0000000616000000, 0x0000000616000000|100%| E|CS|TAMS 0x0000000615800000| PB 0x0000000615800000| Complete |  0
| 556|0x0000000616000000, 0x0000000616800000, 0x0000000616800000|100%| E|CS|TAMS 0x0000000616000000| PB 0x0000000616000000| Complete |  0
| 557|0x0000000616800000, 0x0000000617000000, 0x0000000617000000|100%| E|CS|TAMS 0x0000000616800000| PB 0x0000000616800000| Complete |  0
| 558|0x0000000617000000, 0x0000000617800000, 0x0000000617800000|100%| E|CS|TAMS 0x0000000617000000| PB 0x0000000617000000| Complete |  0
| 559|0x0000000617800000, 0x0000000618000000, 0x0000000618000000|100%| E|CS|TAMS 0x0000000617800000| PB 0x0000000617800000| Complete |  0
| 560|0x0000000618000000, 0x0000000618800000, 0x0000000618800000|100%| E|CS|TAMS 0x0000000618000000| PB 0x0000000618000000| Complete |  0
| 561|0x0000000618800000, 0x0000000619000000, 0x0000000619000000|100%| E|CS|TAMS 0x0000000618800000| PB 0x0000000618800000| Complete |  0
| 562|0x0000000619000000, 0x0000000619800000, 0x0000000619800000|100%| E|CS|TAMS 0x0000000619000000| PB 0x0000000619000000| Complete |  0
| 563|0x0000000619800000, 0x000000061a000000, 0x000000061a000000|100%| E|CS|TAMS 0x0000000619800000| PB 0x0000000619800000| Complete |  0
| 564|0x000000061a000000, 0x000000061a800000, 0x000000061a800000|100%| E|CS|TAMS 0x000000061a000000| PB 0x000000061a000000| Complete |  0
| 565|0x000000061a800000, 0x000000061b000000, 0x000000061b000000|100%| E|CS|TAMS 0x000000061a800000| PB 0x000000061a800000| Complete |  0
| 566|0x000000061b000000, 0x000000061b800000, 0x000000061b800000|100%| E|CS|TAMS 0x000000061b000000| PB 0x000000061b000000| Complete |  0
| 567|0x000000061b800000, 0x000000061c000000, 0x000000061c000000|100%| E|CS|TAMS 0x000000061b800000| PB 0x000000061b800000| Complete |  0
| 568|0x000000061c000000, 0x000000061c800000, 0x000000061c800000|100%| E|CS|TAMS 0x000000061c000000| PB 0x000000061c000000| Complete |  0
| 569|0x000000061c800000, 0x000000061d000000, 0x000000061d000000|100%| E|CS|TAMS 0x000000061c800000| PB 0x000000061c800000| Complete |  0
| 570|0x000000061d000000, 0x000000061d800000, 0x000000061d800000|100%| E|CS|TAMS 0x000000061d000000| PB 0x000000061d000000| Complete |  0
| 571|0x000000061d800000, 0x000000061e000000, 0x000000061e000000|100%| E|CS|TAMS 0x000000061d800000| PB 0x000000061d800000| Complete |  0
| 572|0x000000061e000000, 0x000000061e800000, 0x000000061e800000|100%| E|CS|TAMS 0x000000061e000000| PB 0x000000061e000000| Complete |  0
| 573|0x000000061e800000, 0x000000061f000000, 0x000000061f000000|100%| E|CS|TAMS 0x000000061e800000| PB 0x000000061e800000| Complete |  0
| 574|0x000000061f000000, 0x000000061f800000, 0x000000061f800000|100%| E|CS|TAMS 0x000000061f000000| PB 0x000000061f000000| Complete |  0
| 575|0x000000061f800000, 0x0000000620000000, 0x0000000620000000|100%| E|CS|TAMS 0x000000061f800000| PB 0x000000061f800000| Complete |  0
| 576|0x0000000620000000, 0x0000000620800000, 0x0000000620800000|100%| E|CS|TAMS 0x0000000620000000| PB 0x0000000620000000| Complete |  0
| 577|0x0000000620800000, 0x0000000621000000, 0x0000000621000000|100%| E|CS|TAMS 0x0000000620800000| PB 0x0000000620800000| Complete |  0
| 578|0x0000000621000000, 0x0000000621800000, 0x0000000621800000|100%| E|CS|TAMS 0x0000000621000000| PB 0x0000000621000000| Complete |  0
| 579|0x0000000621800000, 0x0000000622000000, 0x0000000622000000|100%| E|CS|TAMS 0x0000000621800000| PB 0x0000000621800000| Complete |  0
| 580|0x0000000622000000, 0x0000000622800000, 0x0000000622800000|100%| E|CS|TAMS 0x0000000622000000| PB 0x0000000622000000| Complete |  0
| 581|0x0000000622800000, 0x0000000623000000, 0x0000000623000000|100%| E|CS|TAMS 0x0000000622800000| PB 0x0000000622800000| Complete |  0
| 582|0x0000000623000000, 0x0000000623800000, 0x0000000623800000|100%| E|CS|TAMS 0x0000000623000000| PB 0x0000000623000000| Complete |  0
| 583|0x0000000623800000, 0x0000000624000000, 0x0000000624000000|100%| E|CS|TAMS 0x0000000623800000| PB 0x0000000623800000| Complete |  0
| 584|0x0000000624000000, 0x0000000624800000, 0x0000000624800000|100%| E|CS|TAMS 0x0000000624000000| PB 0x0000000624000000| Complete |  0
| 585|0x0000000624800000, 0x0000000625000000, 0x0000000625000000|100%| E|CS|TAMS 0x0000000624800000| PB 0x0000000624800000| Complete |  0
| 586|0x0000000625000000, 0x0000000625800000, 0x0000000625800000|100%| E|CS|TAMS 0x0000000625000000| PB 0x0000000625000000| Complete |  0
| 587|0x0000000625800000, 0x0000000626000000, 0x0000000626000000|100%| E|CS|TAMS 0x0000000625800000| PB 0x0000000625800000| Complete |  0
| 588|0x0000000626000000, 0x0000000626800000, 0x0000000626800000|100%| E|CS|TAMS 0x0000000626000000| PB 0x0000000626000000| Complete |  0
| 589|0x0000000626800000, 0x0000000627000000, 0x0000000627000000|100%| E|CS|TAMS 0x0000000626800000| PB 0x0000000626800000| Complete |  0
| 590|0x0000000627000000, 0x0000000627800000, 0x0000000627800000|100%| E|CS|TAMS 0x0000000627000000| PB 0x0000000627000000| Complete |  0
| 591|0x0000000627800000, 0x0000000628000000, 0x0000000628000000|100%| E|CS|TAMS 0x0000000627800000| PB 0x0000000627800000| Complete |  0
| 592|0x0000000628000000, 0x0000000628800000, 0x0000000628800000|100%| E|CS|TAMS 0x0000000628000000| PB 0x0000000628000000| Complete |  0
| 593|0x0000000628800000, 0x0000000629000000, 0x0000000629000000|100%| E|CS|TAMS 0x0000000628800000| PB 0x0000000628800000| Complete |  0
| 594|0x0000000629000000, 0x0000000629800000, 0x0000000629800000|100%| E|CS|TAMS 0x0000000629000000| PB 0x0000000629000000| Complete |  0
| 595|0x0000000629800000, 0x000000062a000000, 0x000000062a000000|100%| E|CS|TAMS 0x0000000629800000| PB 0x0000000629800000| Complete |  0
| 596|0x000000062a000000, 0x000000062a800000, 0x000000062a800000|100%| E|CS|TAMS 0x000000062a000000| PB 0x000000062a000000| Complete |  0
| 597|0x000000062a800000, 0x000000062b000000, 0x000000062b000000|100%| E|CS|TAMS 0x000000062a800000| PB 0x000000062a800000| Complete |  0
| 598|0x000000062b000000, 0x000000062b800000, 0x000000062b800000|100%| E|CS|TAMS 0x000000062b000000| PB 0x000000062b000000| Complete |  0
| 599|0x000000062b800000, 0x000000062c000000, 0x000000062c000000|100%| E|CS|TAMS 0x000000062b800000| PB 0x000000062b800000| Complete |  0
| 600|0x000000062c000000, 0x000000062c800000, 0x000000062c800000|100%| E|CS|TAMS 0x000000062c000000| PB 0x000000062c000000| Complete |  0
| 601|0x000000062c800000, 0x000000062d000000, 0x000000062d000000|100%| E|CS|TAMS 0x000000062c800000| PB 0x000000062c800000| Complete |  0
| 602|0x000000062d000000, 0x000000062d800000, 0x000000062d800000|100%| E|CS|TAMS 0x000000062d000000| PB 0x000000062d000000| Complete |  0
| 603|0x000000062d800000, 0x000000062e000000, 0x000000062e000000|100%| E|CS|TAMS 0x000000062d800000| PB 0x000000062d800000| Complete |  0
| 604|0x000000062e000000, 0x000000062e800000, 0x000000062e800000|100%| E|CS|TAMS 0x000000062e000000| PB 0x000000062e000000| Complete |  0
| 605|0x000000062e800000, 0x000000062f000000, 0x000000062f000000|100%| E|CS|TAMS 0x000000062e800000| PB 0x000000062e800000| Complete |  0
| 606|0x000000062f000000, 0x000000062f800000, 0x000000062f800000|100%| E|CS|TAMS 0x000000062f000000| PB 0x000000062f000000| Complete |  0
| 607|0x000000062f800000, 0x0000000630000000, 0x0000000630000000|100%| E|CS|TAMS 0x000000062f800000| PB 0x000000062f800000| Complete |  0
| 608|0x0000000630000000, 0x0000000630800000, 0x0000000630800000|100%| E|CS|TAMS 0x0000000630000000| PB 0x0000000630000000| Complete |  0
| 609|0x0000000630800000, 0x0000000631000000, 0x0000000631000000|100%| E|CS|TAMS 0x0000000630800000| PB 0x0000000630800000| Complete |  0
| 610|0x0000000631000000, 0x0000000631800000, 0x0000000631800000|100%| E|CS|TAMS 0x0000000631000000| PB 0x0000000631000000| Complete |  0
| 611|0x0000000631800000, 0x0000000632000000, 0x0000000632000000|100%| E|CS|TAMS 0x0000000631800000| PB 0x0000000631800000| Complete |  0
| 612|0x0000000632000000, 0x0000000632800000, 0x0000000632800000|100%| E|CS|TAMS 0x0000000632000000| PB 0x0000000632000000| Complete |  0
| 613|0x0000000632800000, 0x0000000633000000, 0x0000000633000000|100%| E|CS|TAMS 0x0000000632800000| PB 0x0000000632800000| Complete |  0
| 614|0x0000000633000000, 0x0000000633800000, 0x0000000633800000|100%| E|CS|TAMS 0x0000000633000000| PB 0x0000000633000000| Complete |  0
| 615|0x0000000633800000, 0x0000000634000000, 0x0000000634000000|100%| E|CS|TAMS 0x0000000633800000| PB 0x0000000633800000| Complete |  0
| 616|0x0000000634000000, 0x0000000634800000, 0x0000000634800000|100%| E|CS|TAMS 0x0000000634000000| PB 0x0000000634000000| Complete |  0
| 617|0x0000000634800000, 0x0000000635000000, 0x0000000635000000|100%| E|CS|TAMS 0x0000000634800000| PB 0x0000000634800000| Complete |  0
| 618|0x0000000635000000, 0x0000000635800000, 0x0000000635800000|100%| E|CS|TAMS 0x0000000635000000| PB 0x0000000635000000| Complete |  0
| 619|0x0000000635800000, 0x0000000636000000, 0x0000000636000000|100%| E|CS|TAMS 0x0000000635800000| PB 0x0000000635800000| Complete |  0
| 620|0x0000000636000000, 0x0000000636800000, 0x0000000636800000|100%| E|CS|TAMS 0x0000000636000000| PB 0x0000000636000000| Complete |  0
| 621|0x0000000636800000, 0x0000000637000000, 0x0000000637000000|100%| E|CS|TAMS 0x0000000636800000| PB 0x0000000636800000| Complete |  0
| 622|0x0000000637000000, 0x0000000637800000, 0x0000000637800000|100%| E|CS|TAMS 0x0000000637000000| PB 0x0000000637000000| Complete |  0
| 623|0x0000000637800000, 0x0000000638000000, 0x0000000638000000|100%| E|CS|TAMS 0x0000000637800000| PB 0x0000000637800000| Complete |  0
| 624|0x0000000638000000, 0x0000000638800000, 0x0000000638800000|100%| E|CS|TAMS 0x0000000638000000| PB 0x0000000638000000| Complete |  0
| 625|0x0000000638800000, 0x0000000639000000, 0x0000000639000000|100%| E|CS|TAMS 0x0000000638800000| PB 0x0000000638800000| Complete |  0
| 626|0x0000000639000000, 0x0000000639800000, 0x0000000639800000|100%| E|CS|TAMS 0x0000000639000000| PB 0x0000000639000000| Complete |  0
| 627|0x0000000639800000, 0x000000063a000000, 0x000000063a000000|100%| E|CS|TAMS 0x0000000639800000| PB 0x0000000639800000| Complete |  0
| 628|0x000000063a000000, 0x000000063a800000, 0x000000063a800000|100%| E|CS|TAMS 0x000000063a000000| PB 0x000000063a000000| Complete |  0
| 629|0x000000063a800000, 0x000000063b000000, 0x000000063b000000|100%| E|CS|TAMS 0x000000063a800000| PB 0x000000063a800000| Complete |  0
| 630|0x000000063b000000, 0x000000063b800000, 0x000000063b800000|100%| E|CS|TAMS 0x000000063b000000| PB 0x000000063b000000| Complete |  0
| 631|0x000000063b800000, 0x000000063c000000, 0x000000063c000000|100%| E|CS|TAMS 0x000000063b800000| PB 0x000000063b800000| Complete |  0
| 632|0x000000063c000000, 0x000000063c800000, 0x000000063c800000|100%| E|CS|TAMS 0x000000063c000000| PB 0x000000063c000000| Complete |  0
| 633|0x000000063c800000, 0x000000063d000000, 0x000000063d000000|100%| E|CS|TAMS 0x000000063c800000| PB 0x000000063c800000| Complete |  0
| 634|0x000000063d000000, 0x000000063d800000, 0x000000063d800000|100%| E|CS|TAMS 0x000000063d000000| PB 0x000000063d000000| Complete |  0
| 635|0x000000063d800000, 0x000000063e000000, 0x000000063e000000|100%| E|CS|TAMS 0x000000063d800000| PB 0x000000063d800000| Complete |  0
| 636|0x000000063e000000, 0x000000063e800000, 0x000000063e800000|100%| E|CS|TAMS 0x000000063e000000| PB 0x000000063e000000| Complete |  0
| 637|0x000000063e800000, 0x000000063f000000, 0x000000063f000000|100%| E|CS|TAMS 0x000000063e800000| PB 0x000000063e800000| Complete |  0
| 638|0x000000063f000000, 0x000000063f800000, 0x000000063f800000|100%| E|CS|TAMS 0x000000063f000000| PB 0x000000063f000000| Complete |  0
| 639|0x000000063f800000, 0x0000000640000000, 0x0000000640000000|100%| E|CS|TAMS 0x000000063f800000| PB 0x000000063f800000| Complete |  0
| 640|0x0000000640000000, 0x0000000640800000, 0x0000000640800000|100%| E|CS|TAMS 0x0000000640000000| PB 0x0000000640000000| Complete |  0
| 641|0x0000000640800000, 0x0000000641000000, 0x0000000641000000|100%| E|CS|TAMS 0x0000000640800000| PB 0x0000000640800000| Complete |  0
| 642|0x0000000641000000, 0x0000000641800000, 0x0000000641800000|100%| E|CS|TAMS 0x0000000641000000| PB 0x0000000641000000| Complete |  0
| 643|0x0000000641800000, 0x0000000642000000, 0x0000000642000000|100%| E|CS|TAMS 0x0000000641800000| PB 0x0000000641800000| Complete |  0
| 644|0x0000000642000000, 0x0000000642800000, 0x0000000642800000|100%| E|CS|TAMS 0x0000000642000000| PB 0x0000000642000000| Complete |  0
| 645|0x0000000642800000, 0x0000000643000000, 0x0000000643000000|100%| E|CS|TAMS 0x0000000642800000| PB 0x0000000642800000| Complete |  0
| 646|0x0000000643000000, 0x0000000643800000, 0x0000000643800000|100%| E|CS|TAMS 0x0000000643000000| PB 0x0000000643000000| Complete |  0
| 647|0x0000000643800000, 0x0000000644000000, 0x0000000644000000|100%| E|CS|TAMS 0x0000000643800000| PB 0x0000000643800000| Complete |  0
| 648|0x0000000644000000, 0x0000000644800000, 0x0000000644800000|100%| E|CS|TAMS 0x0000000644000000| PB 0x0000000644000000| Complete |  0
| 649|0x0000000644800000, 0x0000000645000000, 0x0000000645000000|100%| E|CS|TAMS 0x0000000644800000| PB 0x0000000644800000| Complete |  0
| 650|0x0000000645000000, 0x0000000645800000, 0x0000000645800000|100%| E|CS|TAMS 0x0000000645000000| PB 0x0000000645000000| Complete |  0
| 651|0x0000000645800000, 0x0000000646000000, 0x0000000646000000|100%| E|CS|TAMS 0x0000000645800000| PB 0x0000000645800000| Complete |  0
| 652|0x0000000646000000, 0x0000000646800000, 0x0000000646800000|100%| E|CS|TAMS 0x0000000646000000| PB 0x0000000646000000| Complete |  0
| 653|0x0000000646800000, 0x0000000647000000, 0x0000000647000000|100%| E|CS|TAMS 0x0000000646800000| PB 0x0000000646800000| Complete |  0
| 654|0x0000000647000000, 0x0000000647800000, 0x0000000647800000|100%| E|CS|TAMS 0x0000000647000000| PB 0x0000000647000000| Complete |  0
| 655|0x0000000647800000, 0x0000000648000000, 0x0000000648000000|100%| E|CS|TAMS 0x0000000647800000| PB 0x0000000647800000| Complete |  0
| 656|0x0000000648000000, 0x0000000648800000, 0x0000000648800000|100%| E|CS|TAMS 0x0000000648000000| PB 0x0000000648000000| Complete |  0
| 657|0x0000000648800000, 0x0000000649000000, 0x0000000649000000|100%| E|CS|TAMS 0x0000000648800000| PB 0x0000000648800000| Complete |  0
| 658|0x0000000649000000, 0x0000000649800000, 0x0000000649800000|100%| E|CS|TAMS 0x0000000649000000| PB 0x0000000649000000| Complete |  0
| 659|0x0000000649800000, 0x000000064a000000, 0x000000064a000000|100%| E|CS|TAMS 0x0000000649800000| PB 0x0000000649800000| Complete |  0
| 660|0x000000064a000000, 0x000000064a800000, 0x000000064a800000|100%| E|CS|TAMS 0x000000064a000000| PB 0x000000064a000000| Complete |  0
| 661|0x000000064a800000, 0x000000064b000000, 0x000000064b000000|100%| E|CS|TAMS 0x000000064a800000| PB 0x000000064a800000| Complete |  0
| 662|0x000000064b000000, 0x000000064b800000, 0x000000064b800000|100%| E|CS|TAMS 0x000000064b000000| PB 0x000000064b000000| Complete |  0
| 663|0x000000064b800000, 0x000000064c000000, 0x000000064c000000|100%| E|CS|TAMS 0x000000064b800000| PB 0x000000064b800000| Complete |  0
| 664|0x000000064c000000, 0x000000064c800000, 0x000000064c800000|100%| E|CS|TAMS 0x000000064c000000| PB 0x000000064c000000| Complete |  0
| 665|0x000000064c800000, 0x000000064d000000, 0x000000064d000000|100%| E|CS|TAMS 0x000000064c800000| PB 0x000000064c800000| Complete |  0
| 666|0x000000064d000000, 0x000000064d800000, 0x000000064d800000|100%| E|CS|TAMS 0x000000064d000000| PB 0x000000064d000000| Complete |  0
| 667|0x000000064d800000, 0x000000064e000000, 0x000000064e000000|100%| E|CS|TAMS 0x000000064d800000| PB 0x000000064d800000| Complete |  0
| 668|0x000000064e000000, 0x000000064e800000, 0x000000064e800000|100%| E|CS|TAMS 0x000000064e000000| PB 0x000000064e000000| Complete |  0
| 669|0x000000064e800000, 0x000000064f000000, 0x000000064f000000|100%| E|CS|TAMS 0x000000064e800000| PB 0x000000064e800000| Complete |  0
| 670|0x000000064f000000, 0x000000064f800000, 0x000000064f800000|100%| E|CS|TAMS 0x000000064f000000| PB 0x000000064f000000| Complete |  0
| 671|0x000000064f800000, 0x0000000650000000, 0x0000000650000000|100%| E|CS|TAMS 0x000000064f800000| PB 0x000000064f800000| Complete |  0
| 672|0x0000000650000000, 0x0000000650800000, 0x0000000650800000|100%| E|CS|TAMS 0x0000000650000000| PB 0x0000000650000000| Complete |  0
| 673|0x0000000650800000, 0x0000000651000000, 0x0000000651000000|100%| E|CS|TAMS 0x0000000650800000| PB 0x0000000650800000| Complete |  0
| 674|0x0000000651000000, 0x0000000651800000, 0x0000000651800000|100%| E|CS|TAMS 0x0000000651000000| PB 0x0000000651000000| Complete |  0
| 675|0x0000000651800000, 0x0000000652000000, 0x0000000652000000|100%| E|CS|TAMS 0x0000000651800000| PB 0x0000000651800000| Complete |  0
| 676|0x0000000652000000, 0x0000000652800000, 0x0000000652800000|100%| E|CS|TAMS 0x0000000652000000| PB 0x0000000652000000| Complete |  0
| 677|0x0000000652800000, 0x0000000653000000, 0x0000000653000000|100%| E|CS|TAMS 0x0000000652800000| PB 0x0000000652800000| Complete |  0
| 678|0x0000000653000000, 0x0000000653800000, 0x0000000653800000|100%| E|CS|TAMS 0x0000000653000000| PB 0x0000000653000000| Complete |  0
| 679|0x0000000653800000, 0x0000000654000000, 0x0000000654000000|100%| E|CS|TAMS 0x0000000653800000| PB 0x0000000653800000| Complete |  0
| 680|0x0000000654000000, 0x0000000654800000, 0x0000000654800000|100%| E|CS|TAMS 0x0000000654000000| PB 0x0000000654000000| Complete |  0
| 681|0x0000000654800000, 0x0000000655000000, 0x0000000655000000|100%| E|CS|TAMS 0x0000000654800000| PB 0x0000000654800000| Complete |  0
| 682|0x0000000655000000, 0x0000000655800000, 0x0000000655800000|100%| E|CS|TAMS 0x0000000655000000| PB 0x0000000655000000| Complete |  0
| 683|0x0000000655800000, 0x0000000656000000, 0x0000000656000000|100%| E|CS|TAMS 0x0000000655800000| PB 0x0000000655800000| Complete |  0
| 684|0x0000000656000000, 0x0000000656800000, 0x0000000656800000|100%| E|CS|TAMS 0x0000000656000000| PB 0x0000000656000000| Complete |  0
| 685|0x0000000656800000, 0x0000000657000000, 0x0000000657000000|100%| E|CS|TAMS 0x0000000656800000| PB 0x0000000656800000| Complete |  0
| 686|0x0000000657000000, 0x0000000657800000, 0x0000000657800000|100%| E|CS|TAMS 0x0000000657000000| PB 0x0000000657000000| Complete |  0
| 687|0x0000000657800000, 0x0000000658000000, 0x0000000658000000|100%| E|CS|TAMS 0x0000000657800000| PB 0x0000000657800000| Complete |  0
| 688|0x0000000658000000, 0x0000000658800000, 0x0000000658800000|100%| E|CS|TAMS 0x0000000658000000| PB 0x0000000658000000| Complete |  0
| 689|0x0000000658800000, 0x0000000659000000, 0x0000000659000000|100%| E|CS|TAMS 0x0000000658800000| PB 0x0000000658800000| Complete |  0
| 690|0x0000000659000000, 0x0000000659800000, 0x0000000659800000|100%| E|CS|TAMS 0x0000000659000000| PB 0x0000000659000000| Complete |  0
| 691|0x0000000659800000, 0x000000065a000000, 0x000000065a000000|100%| E|CS|TAMS 0x0000000659800000| PB 0x0000000659800000| Complete |  0
| 692|0x000000065a000000, 0x000000065a800000, 0x000000065a800000|100%| E|CS|TAMS 0x000000065a000000| PB 0x000000065a000000| Complete |  0
| 693|0x000000065a800000, 0x000000065b000000, 0x000000065b000000|100%| E|CS|TAMS 0x000000065a800000| PB 0x000000065a800000| Complete |  0
| 694|0x000000065b000000, 0x000000065b800000, 0x000000065b800000|100%| E|CS|TAMS 0x000000065b000000| PB 0x000000065b000000| Complete |  0
| 695|0x000000065b800000, 0x000000065c000000, 0x000000065c000000|100%| E|CS|TAMS 0x000000065b800000| PB 0x000000065b800000| Complete |  0
| 696|0x000000065c000000, 0x000000065c800000, 0x000000065c800000|100%| E|CS|TAMS 0x000000065c000000| PB 0x000000065c000000| Complete |  0
| 697|0x000000065c800000, 0x000000065d000000, 0x000000065d000000|100%| E|CS|TAMS 0x000000065c800000| PB 0x000000065c800000| Complete |  0
| 698|0x000000065d000000, 0x000000065d800000, 0x000000065d800000|100%| E|CS|TAMS 0x000000065d000000| PB 0x000000065d000000| Complete |  0
| 699|0x000000065d800000, 0x000000065e000000, 0x000000065e000000|100%| E|CS|TAMS 0x000000065d800000| PB 0x000000065d800000| Complete |  0
| 700|0x000000065e000000, 0x000000065e800000, 0x000000065e800000|100%| E|CS|TAMS 0x000000065e000000| PB 0x000000065e000000| Complete |  0
| 701|0x000000065e800000, 0x000000065f000000, 0x000000065f000000|100%| E|CS|TAMS 0x000000065e800000| PB 0x000000065e800000| Complete |  0
| 702|0x000000065f000000, 0x000000065f800000, 0x000000065f800000|100%| E|CS|TAMS 0x000000065f000000| PB 0x000000065f000000| Complete |  0
| 703|0x000000065f800000, 0x0000000660000000, 0x0000000660000000|100%| E|CS|TAMS 0x000000065f800000| PB 0x000000065f800000| Complete |  0
| 704|0x0000000660000000, 0x0000000660800000, 0x0000000660800000|100%| E|CS|TAMS 0x0000000660000000| PB 0x0000000660000000| Complete |  0
| 705|0x0000000660800000, 0x0000000661000000, 0x0000000661000000|100%| E|CS|TAMS 0x0000000660800000| PB 0x0000000660800000| Complete |  0
| 706|0x0000000661000000, 0x0000000661800000, 0x0000000661800000|100%| E|CS|TAMS 0x0000000661000000| PB 0x0000000661000000| Complete |  0
| 707|0x0000000661800000, 0x0000000662000000, 0x0000000662000000|100%| E|CS|TAMS 0x0000000661800000| PB 0x0000000661800000| Complete |  0
| 708|0x0000000662000000, 0x0000000662800000, 0x0000000662800000|100%| E|CS|TAMS 0x0000000662000000| PB 0x0000000662000000| Complete |  0
| 709|0x0000000662800000, 0x0000000663000000, 0x0000000663000000|100%| E|CS|TAMS 0x0000000662800000| PB 0x0000000662800000| Complete |  0
| 710|0x0000000663000000, 0x0000000663800000, 0x0000000663800000|100%| E|CS|TAMS 0x0000000663000000| PB 0x0000000663000000| Complete |  0
| 711|0x0000000663800000, 0x0000000664000000, 0x0000000664000000|100%| E|CS|TAMS 0x0000000663800000| PB 0x0000000663800000| Complete |  0
| 712|0x0000000664000000, 0x0000000664800000, 0x0000000664800000|100%| E|CS|TAMS 0x0000000664000000| PB 0x0000000664000000| Complete |  0
| 713|0x0000000664800000, 0x0000000665000000, 0x0000000665000000|100%| E|CS|TAMS 0x0000000664800000| PB 0x0000000664800000| Complete |  0
| 714|0x0000000665000000, 0x0000000665800000, 0x0000000665800000|100%| E|CS|TAMS 0x0000000665000000| PB 0x0000000665000000| Complete |  0
| 715|0x0000000665800000, 0x0000000666000000, 0x0000000666000000|100%| E|CS|TAMS 0x0000000665800000| PB 0x0000000665800000| Complete |  0
| 716|0x0000000666000000, 0x0000000666800000, 0x0000000666800000|100%| E|CS|TAMS 0x0000000666000000| PB 0x0000000666000000| Complete |  0
| 717|0x0000000666800000, 0x0000000667000000, 0x0000000667000000|100%| E|CS|TAMS 0x0000000666800000| PB 0x0000000666800000| Complete |  0
| 718|0x0000000667000000, 0x0000000667800000, 0x0000000667800000|100%| E|CS|TAMS 0x0000000667000000| PB 0x0000000667000000| Complete |  0
| 719|0x0000000667800000, 0x0000000668000000, 0x0000000668000000|100%| E|CS|TAMS 0x0000000667800000| PB 0x0000000667800000| Complete |  0
| 720|0x0000000668000000, 0x0000000668800000, 0x0000000668800000|100%| E|CS|TAMS 0x0000000668000000| PB 0x0000000668000000| Complete |  0
| 721|0x0000000668800000, 0x0000000669000000, 0x0000000669000000|100%| E|CS|TAMS 0x0000000668800000| PB 0x0000000668800000| Complete |  0
| 722|0x0000000669000000, 0x0000000669800000, 0x0000000669800000|100%| E|CS|TAMS 0x0000000669000000| PB 0x0000000669000000| Complete |  0
| 723|0x0000000669800000, 0x000000066a000000, 0x000000066a000000|100%| E|CS|TAMS 0x0000000669800000| PB 0x0000000669800000| Complete |  0
| 724|0x000000066a000000, 0x000000066a800000, 0x000000066a800000|100%| E|CS|TAMS 0x000000066a000000| PB 0x000000066a000000| Complete |  0
| 725|0x000000066a800000, 0x000000066b000000, 0x000000066b000000|100%| E|CS|TAMS 0x000000066a800000| PB 0x000000066a800000| Complete |  0
| 726|0x000000066b000000, 0x000000066b800000, 0x000000066b800000|100%| E|CS|TAMS 0x000000066b000000| PB 0x000000066b000000| Complete |  0
| 727|0x000000066b800000, 0x000000066c000000, 0x000000066c000000|100%| E|CS|TAMS 0x000000066b800000| PB 0x000000066b800000| Complete |  0
| 728|0x000000066c000000, 0x000000066c800000, 0x000000066c800000|100%| E|CS|TAMS 0x000000066c000000| PB 0x000000066c000000| Complete |  0
| 729|0x000000066c800000, 0x000000066d000000, 0x000000066d000000|100%| E|CS|TAMS 0x000000066c800000| PB 0x000000066c800000| Complete |  0
| 730|0x000000066d000000, 0x000000066d800000, 0x000000066d800000|100%| E|CS|TAMS 0x000000066d000000| PB 0x000000066d000000| Complete |  0
| 731|0x000000066d800000, 0x000000066e000000, 0x000000066e000000|100%| E|CS|TAMS 0x000000066d800000| PB 0x000000066d800000| Complete |  0
| 732|0x000000066e000000, 0x000000066e800000, 0x000000066e800000|100%| E|CS|TAMS 0x000000066e000000| PB 0x000000066e000000| Complete |  0
| 733|0x000000066e800000, 0x000000066f000000, 0x000000066f000000|100%| E|CS|TAMS 0x000000066e800000| PB 0x000000066e800000| Complete |  0
| 734|0x000000066f000000, 0x000000066f800000, 0x000000066f800000|100%| E|CS|TAMS 0x000000066f000000| PB 0x000000066f000000| Complete |  0
| 735|0x000000066f800000, 0x0000000670000000, 0x0000000670000000|100%| E|CS|TAMS 0x000000066f800000| PB 0x000000066f800000| Complete |  0
| 736|0x0000000670000000, 0x0000000670800000, 0x0000000670800000|100%| E|CS|TAMS 0x0000000670000000| PB 0x0000000670000000| Complete |  0
| 737|0x0000000670800000, 0x0000000671000000, 0x0000000671000000|100%| E|CS|TAMS 0x0000000670800000| PB 0x0000000670800000| Complete |  0
| 738|0x0000000671000000, 0x0000000671800000, 0x0000000671800000|100%| E|CS|TAMS 0x0000000671000000| PB 0x0000000671000000| Complete |  0
| 739|0x0000000671800000, 0x0000000672000000, 0x0000000672000000|100%| E|CS|TAMS 0x0000000671800000| PB 0x0000000671800000| Complete |  0
| 740|0x0000000672000000, 0x0000000672800000, 0x0000000672800000|100%| E|CS|TAMS 0x0000000672000000| PB 0x0000000672000000| Complete |  0
| 741|0x0000000672800000, 0x0000000673000000, 0x0000000673000000|100%| E|CS|TAMS 0x0000000672800000| PB 0x0000000672800000| Complete |  0
| 742|0x0000000673000000, 0x0000000673800000, 0x0000000673800000|100%| E|CS|TAMS 0x0000000673000000| PB 0x0000000673000000| Complete |  0
| 743|0x0000000673800000, 0x0000000674000000, 0x0000000674000000|100%| E|CS|TAMS 0x0000000673800000| PB 0x0000000673800000| Complete |  0
| 744|0x0000000674000000, 0x0000000674800000, 0x0000000674800000|100%| E|CS|TAMS 0x0000000674000000| PB 0x0000000674000000| Complete |  0
| 745|0x0000000674800000, 0x0000000675000000, 0x0000000675000000|100%| E|CS|TAMS 0x0000000674800000| PB 0x0000000674800000| Complete |  0
| 746|0x0000000675000000, 0x0000000675800000, 0x0000000675800000|100%| E|CS|TAMS 0x0000000675000000| PB 0x0000000675000000| Complete |  0
| 747|0x0000000675800000, 0x0000000676000000, 0x0000000676000000|100%| E|CS|TAMS 0x0000000675800000| PB 0x0000000675800000| Complete |  0
| 748|0x0000000676000000, 0x0000000676800000, 0x0000000676800000|100%| E|CS|TAMS 0x0000000676000000| PB 0x0000000676000000| Complete |  0
| 749|0x0000000676800000, 0x0000000677000000, 0x0000000677000000|100%| E|  |TAMS 0x0000000676800000| PB 0x0000000676800000| Complete |  0
| 750|0x0000000677000000, 0x0000000677800000, 0x0000000677800000|100%| E|CS|TAMS 0x0000000677000000| PB 0x0000000677000000| Complete |  0
| 751|0x0000000677800000, 0x0000000678000000, 0x0000000678000000|100%| E|CS|TAMS 0x0000000677800000| PB 0x0000000677800000| Complete |  0
| 752|0x0000000678000000, 0x0000000678800000, 0x0000000678800000|100%| E|CS|TAMS 0x0000000678000000| PB 0x0000000678000000| Complete |  0
| 753|0x0000000678800000, 0x0000000679000000, 0x0000000679000000|100%| E|CS|TAMS 0x0000000678800000| PB 0x0000000678800000| Complete |  0
| 754|0x0000000679000000, 0x0000000679800000, 0x0000000679800000|100%| E|CS|TAMS 0x0000000679000000| PB 0x0000000679000000| Complete |  0
| 755|0x0000000679800000, 0x000000067a000000, 0x000000067a000000|100%| E|CS|TAMS 0x0000000679800000| PB 0x0000000679800000| Complete |  0
| 756|0x000000067a000000, 0x000000067a800000, 0x000000067a800000|100%| E|CS|TAMS 0x000000067a000000| PB 0x000000067a000000| Complete |  0
| 757|0x000000067a800000, 0x000000067b000000, 0x000000067b000000|100%| E|CS|TAMS 0x000000067a800000| PB 0x000000067a800000| Complete |  0
| 758|0x000000067b000000, 0x000000067b800000, 0x000000067b800000|100%| E|CS|TAMS 0x000000067b000000| PB 0x000000067b000000| Complete |  0
| 759|0x000000067b800000, 0x000000067c000000, 0x000000067c000000|100%| E|CS|TAMS 0x000000067b800000| PB 0x000000067b800000| Complete |  0
| 760|0x000000067c000000, 0x000000067c800000, 0x000000067c800000|100%| E|CS|TAMS 0x000000067c000000| PB 0x000000067c000000| Complete |  0
| 761|0x000000067c800000, 0x000000067d000000, 0x000000067d000000|100%| E|CS|TAMS 0x000000067c800000| PB 0x000000067c800000| Complete |  0
| 762|0x000000067d000000, 0x000000067d800000, 0x000000067d800000|100%| E|CS|TAMS 0x000000067d000000| PB 0x000000067d000000| Complete |  0
| 763|0x000000067d800000, 0x000000067e000000, 0x000000067e000000|100%| E|CS|TAMS 0x000000067d800000| PB 0x000000067d800000| Complete |  0
| 764|0x000000067e000000, 0x000000067e800000, 0x000000067e800000|100%| E|CS|TAMS 0x000000067e000000| PB 0x000000067e000000| Complete |  0
| 765|0x000000067e800000, 0x000000067f000000, 0x000000067f000000|100%| E|CS|TAMS 0x000000067e800000| PB 0x000000067e800000| Complete |  0
| 766|0x000000067f000000, 0x000000067f800000, 0x000000067f800000|100%| E|CS|TAMS 0x000000067f000000| PB 0x000000067f000000| Complete |  0
| 767|0x000000067f800000, 0x0000000680000000, 0x0000000680000000|100%| E|CS|TAMS 0x000000067f800000| PB 0x000000067f800000| Complete |  0
| 768|0x0000000680000000, 0x0000000680800000, 0x0000000680800000|100%| E|CS|TAMS 0x0000000680000000| PB 0x0000000680000000| Complete |  0
| 769|0x0000000680800000, 0x0000000681000000, 0x0000000681000000|100%| E|CS|TAMS 0x0000000680800000| PB 0x0000000680800000| Complete |  0
| 770|0x0000000681000000, 0x0000000681800000, 0x0000000681800000|100%| E|CS|TAMS 0x0000000681000000| PB 0x0000000681000000| Complete |  0
| 771|0x0000000681800000, 0x0000000682000000, 0x0000000682000000|100%| E|CS|TAMS 0x0000000681800000| PB 0x0000000681800000| Complete |  0
| 772|0x0000000682000000, 0x0000000682800000, 0x0000000682800000|100%| E|CS|TAMS 0x0000000682000000| PB 0x0000000682000000| Complete |  0
| 773|0x0000000682800000, 0x0000000683000000, 0x0000000683000000|100%| E|CS|TAMS 0x0000000682800000| PB 0x0000000682800000| Complete |  0
| 774|0x0000000683000000, 0x0000000683800000, 0x0000000683800000|100%| E|CS|TAMS 0x0000000683000000| PB 0x0000000683000000| Complete |  0
| 775|0x0000000683800000, 0x0000000684000000, 0x0000000684000000|100%| E|CS|TAMS 0x0000000683800000| PB 0x0000000683800000| Complete |  0
| 776|0x0000000684000000, 0x0000000684800000, 0x0000000684800000|100%| E|CS|TAMS 0x0000000684000000| PB 0x0000000684000000| Complete |  0
| 777|0x0000000684800000, 0x0000000685000000, 0x0000000685000000|100%| E|CS|TAMS 0x0000000684800000| PB 0x0000000684800000| Complete |  0
| 778|0x0000000685000000, 0x0000000685800000, 0x0000000685800000|100%| E|CS|TAMS 0x0000000685000000| PB 0x0000000685000000| Complete |  0
| 779|0x0000000685800000, 0x0000000686000000, 0x0000000686000000|100%| E|CS|TAMS 0x0000000685800000| PB 0x0000000685800000| Complete |  0
| 780|0x0000000686000000, 0x0000000686800000, 0x0000000686800000|100%| E|CS|TAMS 0x0000000686000000| PB 0x0000000686000000| Complete |  0
| 781|0x0000000686800000, 0x0000000687000000, 0x0000000687000000|100%| E|CS|TAMS 0x0000000686800000| PB 0x0000000686800000| Complete |  0
| 782|0x0000000687000000, 0x0000000687800000, 0x0000000687800000|100%| E|CS|TAMS 0x0000000687000000| PB 0x0000000687000000| Complete |  0
| 783|0x0000000687800000, 0x0000000688000000, 0x0000000688000000|100%| E|CS|TAMS 0x0000000687800000| PB 0x0000000687800000| Complete |  0
| 784|0x0000000688000000, 0x0000000688800000, 0x0000000688800000|100%| E|CS|TAMS 0x0000000688000000| PB 0x0000000688000000| Complete |  0
| 785|0x0000000688800000, 0x0000000689000000, 0x0000000689000000|100%| E|CS|TAMS 0x0000000688800000| PB 0x0000000688800000| Complete |  0
| 786|0x0000000689000000, 0x0000000689800000, 0x0000000689800000|100%| E|CS|TAMS 0x0000000689000000| PB 0x0000000689000000| Complete |  0
| 787|0x0000000689800000, 0x000000068a000000, 0x000000068a000000|100%| E|CS|TAMS 0x0000000689800000| PB 0x0000000689800000| Complete |  0
| 788|0x000000068a000000, 0x000000068a800000, 0x000000068a800000|100%| E|CS|TAMS 0x000000068a000000| PB 0x000000068a000000| Complete |  0
| 789|0x000000068a800000, 0x000000068b000000, 0x000000068b000000|100%| E|CS|TAMS 0x000000068a800000| PB 0x000000068a800000| Complete |  0
| 790|0x000000068b000000, 0x000000068b800000, 0x000000068b800000|100%| E|CS|TAMS 0x000000068b000000| PB 0x000000068b000000| Complete |  0
| 791|0x000000068b800000, 0x000000068c000000, 0x000000068c000000|100%| E|CS|TAMS 0x000000068b800000| PB 0x000000068b800000| Complete |  0
| 792|0x000000068c000000, 0x000000068c800000, 0x000000068c800000|100%| E|CS|TAMS 0x000000068c000000| PB 0x000000068c000000| Complete |  0
| 793|0x000000068c800000, 0x000000068d000000, 0x000000068d000000|100%| E|CS|TAMS 0x000000068c800000| PB 0x000000068c800000| Complete |  0
| 794|0x000000068d000000, 0x000000068d800000, 0x000000068d800000|100%| E|CS|TAMS 0x000000068d000000| PB 0x000000068d000000| Complete |  0
| 795|0x000000068d800000, 0x000000068e000000, 0x000000068e000000|100%| E|CS|TAMS 0x000000068d800000| PB 0x000000068d800000| Complete |  0
| 796|0x000000068e000000, 0x000000068e800000, 0x000000068e800000|100%| E|CS|TAMS 0x000000068e000000| PB 0x000000068e000000| Complete |  0
| 797|0x000000068e800000, 0x000000068f000000, 0x000000068f000000|100%| E|CS|TAMS 0x000000068e800000| PB 0x000000068e800000| Complete |  0
| 798|0x000000068f000000, 0x000000068f800000, 0x000000068f800000|100%| E|CS|TAMS 0x000000068f000000| PB 0x000000068f000000| Complete |  0
| 799|0x000000068f800000, 0x0000000690000000, 0x0000000690000000|100%| E|CS|TAMS 0x000000068f800000| PB 0x000000068f800000| Complete |  0
| 800|0x0000000690000000, 0x0000000690800000, 0x0000000690800000|100%| E|CS|TAMS 0x0000000690000000| PB 0x0000000690000000| Complete |  0
| 801|0x0000000690800000, 0x0000000691000000, 0x0000000691000000|100%| E|CS|TAMS 0x0000000690800000| PB 0x0000000690800000| Complete |  0
| 802|0x0000000691000000, 0x0000000691800000, 0x0000000691800000|100%| E|CS|TAMS 0x0000000691000000| PB 0x0000000691000000| Complete |  0
| 803|0x0000000691800000, 0x0000000692000000, 0x0000000692000000|100%| E|CS|TAMS 0x0000000691800000| PB 0x0000000691800000| Complete |  0
| 804|0x0000000692000000, 0x0000000692800000, 0x0000000692800000|100%| E|CS|TAMS 0x0000000692000000| PB 0x0000000692000000| Complete |  0
| 805|0x0000000692800000, 0x0000000693000000, 0x0000000693000000|100%| E|CS|TAMS 0x0000000692800000| PB 0x0000000692800000| Complete |  0
| 806|0x0000000693000000, 0x0000000693800000, 0x0000000693800000|100%| E|CS|TAMS 0x0000000693000000| PB 0x0000000693000000| Complete |  0
| 807|0x0000000693800000, 0x0000000694000000, 0x0000000694000000|100%| E|CS|TAMS 0x0000000693800000| PB 0x0000000693800000| Complete |  0
| 808|0x0000000694000000, 0x0000000694800000, 0x0000000694800000|100%| E|CS|TAMS 0x0000000694000000| PB 0x0000000694000000| Complete |  0
| 809|0x0000000694800000, 0x0000000695000000, 0x0000000695000000|100%| E|CS|TAMS 0x0000000694800000| PB 0x0000000694800000| Complete |  0
| 810|0x0000000695000000, 0x0000000695800000, 0x0000000695800000|100%| E|CS|TAMS 0x0000000695000000| PB 0x0000000695000000| Complete |  0
| 811|0x0000000695800000, 0x0000000696000000, 0x0000000696000000|100%| E|CS|TAMS 0x0000000695800000| PB 0x0000000695800000| Complete |  0
| 812|0x0000000696000000, 0x0000000696800000, 0x0000000696800000|100%| E|CS|TAMS 0x0000000696000000| PB 0x0000000696000000| Complete |  0
| 813|0x0000000696800000, 0x0000000697000000, 0x0000000697000000|100%| E|CS|TAMS 0x0000000696800000| PB 0x0000000696800000| Complete |  0
| 814|0x0000000697000000, 0x0000000697800000, 0x0000000697800000|100%| E|CS|TAMS 0x0000000697000000| PB 0x0000000697000000| Complete |  0
| 815|0x0000000697800000, 0x0000000698000000, 0x0000000698000000|100%| E|CS|TAMS 0x0000000697800000| PB 0x0000000697800000| Complete |  0
| 816|0x0000000698000000, 0x0000000698800000, 0x0000000698800000|100%| E|CS|TAMS 0x0000000698000000| PB 0x0000000698000000| Complete |  0
| 817|0x0000000698800000, 0x0000000699000000, 0x0000000699000000|100%| E|CS|TAMS 0x0000000698800000| PB 0x0000000698800000| Complete |  0
| 818|0x0000000699000000, 0x0000000699800000, 0x0000000699800000|100%| E|CS|TAMS 0x0000000699000000| PB 0x0000000699000000| Complete |  0
| 819|0x0000000699800000, 0x000000069a000000, 0x000000069a000000|100%| E|CS|TAMS 0x0000000699800000| PB 0x0000000699800000| Complete |  0
| 820|0x000000069a000000, 0x000000069a800000, 0x000000069a800000|100%| E|CS|TAMS 0x000000069a000000| PB 0x000000069a000000| Complete |  0
| 821|0x000000069a800000, 0x000000069b000000, 0x000000069b000000|100%| E|CS|TAMS 0x000000069a800000| PB 0x000000069a800000| Complete |  0
| 822|0x000000069b000000, 0x000000069b800000, 0x000000069b800000|100%| E|CS|TAMS 0x000000069b000000| PB 0x000000069b000000| Complete |  0
| 823|0x000000069b800000, 0x000000069c000000, 0x000000069c000000|100%| E|CS|TAMS 0x000000069b800000| PB 0x000000069b800000| Complete |  0
| 824|0x000000069c000000, 0x000000069c800000, 0x000000069c800000|100%| E|CS|TAMS 0x000000069c000000| PB 0x000000069c000000| Complete |  0
| 825|0x000000069c800000, 0x000000069d000000, 0x000000069d000000|100%| E|CS|TAMS 0x000000069c800000| PB 0x000000069c800000| Complete |  0
| 826|0x000000069d000000, 0x000000069d800000, 0x000000069d800000|100%| E|CS|TAMS 0x000000069d000000| PB 0x000000069d000000| Complete |  0
| 827|0x000000069d800000, 0x000000069e000000, 0x000000069e000000|100%| E|CS|TAMS 0x000000069d800000| PB 0x000000069d800000| Complete |  0
| 828|0x000000069e000000, 0x000000069e800000, 0x000000069e800000|100%| E|CS|TAMS 0x000000069e000000| PB 0x000000069e000000| Complete |  0
| 829|0x000000069e800000, 0x000000069f000000, 0x000000069f000000|100%| E|CS|TAMS 0x000000069e800000| PB 0x000000069e800000| Complete |  0
| 830|0x000000069f000000, 0x000000069f800000, 0x000000069f800000|100%| E|CS|TAMS 0x000000069f000000| PB 0x000000069f000000| Complete |  0
| 831|0x000000069f800000, 0x00000006a0000000, 0x00000006a0000000|100%| E|CS|TAMS 0x000000069f800000| PB 0x000000069f800000| Complete |  0
| 832|0x00000006a0000000, 0x00000006a0800000, 0x00000006a0800000|100%| E|CS|TAMS 0x00000006a0000000| PB 0x00000006a0000000| Complete |  0
| 833|0x00000006a0800000, 0x00000006a1000000, 0x00000006a1000000|100%| E|CS|TAMS 0x00000006a0800000| PB 0x00000006a0800000| Complete |  0
| 834|0x00000006a1000000, 0x00000006a1800000, 0x00000006a1800000|100%| E|CS|TAMS 0x00000006a1000000| PB 0x00000006a1000000| Complete |  0
| 835|0x00000006a1800000, 0x00000006a2000000, 0x00000006a2000000|100%| E|CS|TAMS 0x00000006a1800000| PB 0x00000006a1800000| Complete |  0
| 836|0x00000006a2000000, 0x00000006a2800000, 0x00000006a2800000|100%| E|CS|TAMS 0x00000006a2000000| PB 0x00000006a2000000| Complete |  0
| 837|0x00000006a2800000, 0x00000006a3000000, 0x00000006a3000000|100%| E|CS|TAMS 0x00000006a2800000| PB 0x00000006a2800000| Complete |  0
| 838|0x00000006a3000000, 0x00000006a3800000, 0x00000006a3800000|100%| E|CS|TAMS 0x00000006a3000000| PB 0x00000006a3000000| Complete |  0
| 839|0x00000006a3800000, 0x00000006a4000000, 0x00000006a4000000|100%| E|CS|TAMS 0x00000006a3800000| PB 0x00000006a3800000| Complete |  0
| 840|0x00000006a4000000, 0x00000006a4800000, 0x00000006a4800000|100%| E|CS|TAMS 0x00000006a4000000| PB 0x00000006a4000000| Complete |  0
| 841|0x00000006a4800000, 0x00000006a5000000, 0x00000006a5000000|100%| E|CS|TAMS 0x00000006a4800000| PB 0x00000006a4800000| Complete |  0
| 842|0x00000006a5000000, 0x00000006a5800000, 0x00000006a5800000|100%| E|CS|TAMS 0x00000006a5000000| PB 0x00000006a5000000| Complete |  0
| 843|0x00000006a5800000, 0x00000006a6000000, 0x00000006a6000000|100%| E|CS|TAMS 0x00000006a5800000| PB 0x00000006a5800000| Complete |  0
| 844|0x00000006a6000000, 0x00000006a6800000, 0x00000006a6800000|100%| E|CS|TAMS 0x00000006a6000000| PB 0x00000006a6000000| Complete |  0
| 845|0x00000006a6800000, 0x00000006a7000000, 0x00000006a7000000|100%| E|CS|TAMS 0x00000006a6800000| PB 0x00000006a6800000| Complete |  0
| 846|0x00000006a7000000, 0x00000006a7800000, 0x00000006a7800000|100%| E|CS|TAMS 0x00000006a7000000| PB 0x00000006a7000000| Complete |  0
| 847|0x00000006a7800000, 0x00000006a8000000, 0x00000006a8000000|100%| E|CS|TAMS 0x00000006a7800000| PB 0x00000006a7800000| Complete |  0
| 848|0x00000006a8000000, 0x00000006a8800000, 0x00000006a8800000|100%| E|CS|TAMS 0x00000006a8000000| PB 0x00000006a8000000| Complete |  0
| 849|0x00000006a8800000, 0x00000006a9000000, 0x00000006a9000000|100%| E|CS|TAMS 0x00000006a8800000| PB 0x00000006a8800000| Complete |  0
| 850|0x00000006a9000000, 0x00000006a9800000, 0x00000006a9800000|100%| E|CS|TAMS 0x00000006a9000000| PB 0x00000006a9000000| Complete |  0
| 851|0x00000006a9800000, 0x00000006aa000000, 0x00000006aa000000|100%| E|CS|TAMS 0x00000006a9800000| PB 0x00000006a9800000| Complete |  0
| 852|0x00000006aa000000, 0x00000006aa800000, 0x00000006aa800000|100%| E|CS|TAMS 0x00000006aa000000| PB 0x00000006aa000000| Complete |  0
| 853|0x00000006aa800000, 0x00000006ab000000, 0x00000006ab000000|100%| E|CS|TAMS 0x00000006aa800000| PB 0x00000006aa800000| Complete |  0
| 854|0x00000006ab000000, 0x00000006ab800000, 0x00000006ab800000|100%| E|CS|TAMS 0x00000006ab000000| PB 0x00000006ab000000| Complete |  0
| 855|0x00000006ab800000, 0x00000006ac000000, 0x00000006ac000000|100%| E|CS|TAMS 0x00000006ab800000| PB 0x00000006ab800000| Complete |  0
| 856|0x00000006ac000000, 0x00000006ac800000, 0x00000006ac800000|100%| E|CS|TAMS 0x00000006ac000000| PB 0x00000006ac000000| Complete |  0
| 857|0x00000006ac800000, 0x00000006ad000000, 0x00000006ad000000|100%| E|CS|TAMS 0x00000006ac800000| PB 0x00000006ac800000| Complete |  0
| 858|0x00000006ad000000, 0x00000006ad800000, 0x00000006ad800000|100%| E|CS|TAMS 0x00000006ad000000| PB 0x00000006ad000000| Complete |  0
| 859|0x00000006ad800000, 0x00000006ae000000, 0x00000006ae000000|100%| E|CS|TAMS 0x00000006ad800000| PB 0x00000006ad800000| Complete |  0
| 860|0x00000006ae000000, 0x00000006ae800000, 0x00000006ae800000|100%| E|CS|TAMS 0x00000006ae000000| PB 0x00000006ae000000| Complete |  0
| 861|0x00000006ae800000, 0x00000006af000000, 0x00000006af000000|100%| E|CS|TAMS 0x00000006ae800000| PB 0x00000006ae800000| Complete |  0
| 862|0x00000006af000000, 0x00000006af800000, 0x00000006af800000|100%| E|CS|TAMS 0x00000006af000000| PB 0x00000006af000000| Complete |  0
| 863|0x00000006af800000, 0x00000006b0000000, 0x00000006b0000000|100%| E|CS|TAMS 0x00000006af800000| PB 0x00000006af800000| Complete |  0
| 864|0x00000006b0000000, 0x00000006b0800000, 0x00000006b0800000|100%| E|CS|TAMS 0x00000006b0000000| PB 0x00000006b0000000| Complete |  0
| 865|0x00000006b0800000, 0x00000006b1000000, 0x00000006b1000000|100%| E|CS|TAMS 0x00000006b0800000| PB 0x00000006b0800000| Complete |  0
| 866|0x00000006b1000000, 0x00000006b1800000, 0x00000006b1800000|100%| E|CS|TAMS 0x00000006b1000000| PB 0x00000006b1000000| Complete |  0
| 867|0x00000006b1800000, 0x00000006b2000000, 0x00000006b2000000|100%| E|CS|TAMS 0x00000006b1800000| PB 0x00000006b1800000| Complete |  0
| 868|0x00000006b2000000, 0x00000006b2800000, 0x00000006b2800000|100%| E|CS|TAMS 0x00000006b2000000| PB 0x00000006b2000000| Complete |  0
| 869|0x00000006b2800000, 0x00000006b3000000, 0x00000006b3000000|100%| E|CS|TAMS 0x00000006b2800000| PB 0x00000006b2800000| Complete |  0
| 870|0x00000006b3000000, 0x00000006b3800000, 0x00000006b3800000|100%| E|CS|TAMS 0x00000006b3000000| PB 0x00000006b3000000| Complete |  0
| 871|0x00000006b3800000, 0x00000006b4000000, 0x00000006b4000000|100%| E|CS|TAMS 0x00000006b3800000| PB 0x00000006b3800000| Complete |  0
| 872|0x00000006b4000000, 0x00000006b4800000, 0x00000006b4800000|100%| E|CS|TAMS 0x00000006b4000000| PB 0x00000006b4000000| Complete |  0
| 873|0x00000006b4800000, 0x00000006b5000000, 0x00000006b5000000|100%| E|CS|TAMS 0x00000006b4800000| PB 0x00000006b4800000| Complete |  0
| 874|0x00000006b5000000, 0x00000006b5800000, 0x00000006b5800000|100%| E|CS|TAMS 0x00000006b5000000| PB 0x00000006b5000000| Complete |  0
| 875|0x00000006b5800000, 0x00000006b6000000, 0x00000006b6000000|100%| E|CS|TAMS 0x00000006b5800000| PB 0x00000006b5800000| Complete |  0
| 876|0x00000006b6000000, 0x00000006b6800000, 0x00000006b6800000|100%| E|CS|TAMS 0x00000006b6000000| PB 0x00000006b6000000| Complete |  0
| 877|0x00000006b6800000, 0x00000006b7000000, 0x00000006b7000000|100%| E|CS|TAMS 0x00000006b6800000| PB 0x00000006b6800000| Complete |  0
| 878|0x00000006b7000000, 0x00000006b7800000, 0x00000006b7800000|100%| E|CS|TAMS 0x00000006b7000000| PB 0x00000006b7000000| Complete |  0
| 879|0x00000006b7800000, 0x00000006b8000000, 0x00000006b8000000|100%| E|CS|TAMS 0x00000006b7800000| PB 0x00000006b7800000| Complete |  1
| 880|0x00000006b8000000, 0x00000006b8800000, 0x00000006b8800000|100%| E|CS|TAMS 0x00000006b8000000| PB 0x00000006b8000000| Complete |  0
| 881|0x00000006b8800000, 0x00000006b9000000, 0x00000006b9000000|100%| E|CS|TAMS 0x00000006b8800000| PB 0x00000006b8800000| Complete |  0
| 882|0x00000006b9000000, 0x00000006b9800000, 0x00000006b9800000|100%| E|CS|TAMS 0x00000006b9000000| PB 0x00000006b9000000| Complete |  0
| 883|0x00000006b9800000, 0x00000006ba000000, 0x00000006ba000000|100%| E|CS|TAMS 0x00000006b9800000| PB 0x00000006b9800000| Complete |  0
| 884|0x00000006ba000000, 0x00000006ba800000, 0x00000006ba800000|100%| E|CS|TAMS 0x00000006ba000000| PB 0x00000006ba000000| Complete |  0
| 885|0x00000006ba800000, 0x00000006bb000000, 0x00000006bb000000|100%| E|CS|TAMS 0x00000006ba800000| PB 0x00000006ba800000| Complete |  0
| 886|0x00000006bb000000, 0x00000006bb800000, 0x00000006bb800000|100%| E|CS|TAMS 0x00000006bb000000| PB 0x00000006bb000000| Complete |  0
| 887|0x00000006bb800000, 0x00000006bc000000, 0x00000006bc000000|100%| E|CS|TAMS 0x00000006bb800000| PB 0x00000006bb800000| Complete |  0
| 888|0x00000006bc000000, 0x00000006bc800000, 0x00000006bc800000|100%| E|CS|TAMS 0x00000006bc000000| PB 0x00000006bc000000| Complete |  0
| 889|0x00000006bc800000, 0x00000006bd000000, 0x00000006bd000000|100%| E|CS|TAMS 0x00000006bc800000| PB 0x00000006bc800000| Complete |  0
| 890|0x00000006bd000000, 0x00000006bd800000, 0x00000006bd800000|100%| E|CS|TAMS 0x00000006bd000000| PB 0x00000006bd000000| Complete |  0
| 891|0x00000006bd800000, 0x00000006be000000, 0x00000006be000000|100%| E|CS|TAMS 0x00000006bd800000| PB 0x00000006bd800000| Complete |  0
| 892|0x00000006be000000, 0x00000006be800000, 0x00000006be800000|100%| E|CS|TAMS 0x00000006be000000| PB 0x00000006be000000| Complete |  0
| 893|0x00000006be800000, 0x00000006bf000000, 0x00000006bf000000|100%| E|CS|TAMS 0x00000006be800000| PB 0x00000006be800000| Complete |  0
| 894|0x00000006bf000000, 0x00000006bf800000, 0x00000006bf800000|100%| E|CS|TAMS 0x00000006bf000000| PB 0x00000006bf000000| Complete |  0
| 895|0x00000006bf800000, 0x00000006c0000000, 0x00000006c0000000|100%| E|CS|TAMS 0x00000006bf800000| PB 0x00000006bf800000| Complete |  0
| 896|0x00000006c0000000, 0x00000006c0800000, 0x00000006c0800000|100%| E|CS|TAMS 0x00000006c0000000| PB 0x00000006c0000000| Complete |  0
| 897|0x00000006c0800000, 0x00000006c1000000, 0x00000006c1000000|100%| E|CS|TAMS 0x00000006c0800000| PB 0x00000006c0800000| Complete |  0
| 898|0x00000006c1000000, 0x00000006c1800000, 0x00000006c1800000|100%| E|CS|TAMS 0x00000006c1000000| PB 0x00000006c1000000| Complete |  0
| 899|0x00000006c1800000, 0x00000006c2000000, 0x00000006c2000000|100%| E|CS|TAMS 0x00000006c1800000| PB 0x00000006c1800000| Complete |  0
| 900|0x00000006c2000000, 0x00000006c2800000, 0x00000006c2800000|100%| E|CS|TAMS 0x00000006c2000000| PB 0x00000006c2000000| Complete |  0
| 901|0x00000006c2800000, 0x00000006c3000000, 0x00000006c3000000|100%| E|CS|TAMS 0x00000006c2800000| PB 0x00000006c2800000| Complete |  0
| 902|0x00000006c3000000, 0x00000006c3800000, 0x00000006c3800000|100%| E|CS|TAMS 0x00000006c3000000| PB 0x00000006c3000000| Complete |  0
| 903|0x00000006c3800000, 0x00000006c4000000, 0x00000006c4000000|100%| E|CS|TAMS 0x00000006c3800000| PB 0x00000006c3800000| Complete |  0
| 904|0x00000006c4000000, 0x00000006c4800000, 0x00000006c4800000|100%| E|CS|TAMS 0x00000006c4000000| PB 0x00000006c4000000| Complete |  0
| 905|0x00000006c4800000, 0x00000006c5000000, 0x00000006c5000000|100%| E|CS|TAMS 0x00000006c4800000| PB 0x00000006c4800000| Complete |  0
| 906|0x00000006c5000000, 0x00000006c5800000, 0x00000006c5800000|100%| E|CS|TAMS 0x00000006c5000000| PB 0x00000006c5000000| Complete |  0
| 907|0x00000006c5800000, 0x00000006c6000000, 0x00000006c6000000|100%| E|CS|TAMS 0x00000006c5800000| PB 0x00000006c5800000| Complete |  0
| 908|0x00000006c6000000, 0x00000006c6800000, 0x00000006c6800000|100%| E|CS|TAMS 0x00000006c6000000| PB 0x00000006c6000000| Complete |  0
| 909|0x00000006c6800000, 0x00000006c7000000, 0x00000006c7000000|100%| E|CS|TAMS 0x00000006c6800000| PB 0x00000006c6800000| Complete |  0
| 910|0x00000006c7000000, 0x00000006c7800000, 0x00000006c7800000|100%| E|CS|TAMS 0x00000006c7000000| PB 0x00000006c7000000| Complete |  0
| 911|0x00000006c7800000, 0x00000006c8000000, 0x00000006c8000000|100%| E|CS|TAMS 0x00000006c7800000| PB 0x00000006c7800000| Complete |  0
| 912|0x00000006c8000000, 0x00000006c8800000, 0x00000006c8800000|100%| E|CS|TAMS 0x00000006c8000000| PB 0x00000006c8000000| Complete |  0
| 913|0x00000006c8800000, 0x00000006c9000000, 0x00000006c9000000|100%| E|CS|TAMS 0x00000006c8800000| PB 0x00000006c8800000| Complete |  0
| 914|0x00000006c9000000, 0x00000006c9800000, 0x00000006c9800000|100%| E|CS|TAMS 0x00000006c9000000| PB 0x00000006c9000000| Complete |  0
| 915|0x00000006c9800000, 0x00000006ca000000, 0x00000006ca000000|100%| E|CS|TAMS 0x00000006c9800000| PB 0x00000006c9800000| Complete |  0
| 916|0x00000006ca000000, 0x00000006ca800000, 0x00000006ca800000|100%| E|CS|TAMS 0x00000006ca000000| PB 0x00000006ca000000| Complete |  0
| 917|0x00000006ca800000, 0x00000006cb000000, 0x00000006cb000000|100%| E|CS|TAMS 0x00000006ca800000| PB 0x00000006ca800000| Complete |  0
| 918|0x00000006cb000000, 0x00000006cb800000, 0x00000006cb800000|100%| E|CS|TAMS 0x00000006cb000000| PB 0x00000006cb000000| Complete |  0
| 919|0x00000006cb800000, 0x00000006cc000000, 0x00000006cc000000|100%| E|CS|TAMS 0x00000006cb800000| PB 0x00000006cb800000| Complete |  0
| 920|0x00000006cc000000, 0x00000006cc800000, 0x00000006cc800000|100%| E|CS|TAMS 0x00000006cc000000| PB 0x00000006cc000000| Complete |  0
| 921|0x00000006cc800000, 0x00000006cd000000, 0x00000006cd000000|100%| E|CS|TAMS 0x00000006cc800000| PB 0x00000006cc800000| Complete |  0
| 922|0x00000006cd000000, 0x00000006cd800000, 0x00000006cd800000|100%| E|CS|TAMS 0x00000006cd000000| PB 0x00000006cd000000| Complete |  0
| 923|0x00000006cd800000, 0x00000006ce000000, 0x00000006ce000000|100%| E|CS|TAMS 0x00000006cd800000| PB 0x00000006cd800000| Complete |  0
| 924|0x00000006ce000000, 0x00000006ce800000, 0x00000006ce800000|100%| E|CS|TAMS 0x00000006ce000000| PB 0x00000006ce000000| Complete |  0
| 925|0x00000006ce800000, 0x00000006cf000000, 0x00000006cf000000|100%| E|CS|TAMS 0x00000006ce800000| PB 0x00000006ce800000| Complete |  0
| 926|0x00000006cf000000, 0x00000006cf800000, 0x00000006cf800000|100%| E|CS|TAMS 0x00000006cf000000| PB 0x00000006cf000000| Complete |  0
| 927|0x00000006cf800000, 0x00000006d0000000, 0x00000006d0000000|100%| E|CS|TAMS 0x00000006cf800000| PB 0x00000006cf800000| Complete |  0
| 928|0x00000006d0000000, 0x00000006d0800000, 0x00000006d0800000|100%| E|CS|TAMS 0x00000006d0000000| PB 0x00000006d0000000| Complete |  0
| 929|0x00000006d0800000, 0x00000006d1000000, 0x00000006d1000000|100%| E|CS|TAMS 0x00000006d0800000| PB 0x00000006d0800000| Complete |  0
| 930|0x00000006d1000000, 0x00000006d1800000, 0x00000006d1800000|100%| E|CS|TAMS 0x00000006d1000000| PB 0x00000006d1000000| Complete |  0
| 931|0x00000006d1800000, 0x00000006d2000000, 0x00000006d2000000|100%| E|CS|TAMS 0x00000006d1800000| PB 0x00000006d1800000| Complete |  0
| 932|0x00000006d2000000, 0x00000006d2800000, 0x00000006d2800000|100%| E|CS|TAMS 0x00000006d2000000| PB 0x00000006d2000000| Complete |  0
| 933|0x00000006d2800000, 0x00000006d3000000, 0x00000006d3000000|100%| E|CS|TAMS 0x00000006d2800000| PB 0x00000006d2800000| Complete |  0
| 934|0x00000006d3000000, 0x00000006d3800000, 0x00000006d3800000|100%| E|CS|TAMS 0x00000006d3000000| PB 0x00000006d3000000| Complete |  0
| 935|0x00000006d3800000, 0x00000006d4000000, 0x00000006d4000000|100%| E|CS|TAMS 0x00000006d3800000| PB 0x00000006d3800000| Complete |  0
| 936|0x00000006d4000000, 0x00000006d4800000, 0x00000006d4800000|100%| E|CS|TAMS 0x00000006d4000000| PB 0x00000006d4000000| Complete |  0
| 937|0x00000006d4800000, 0x00000006d5000000, 0x00000006d5000000|100%| E|CS|TAMS 0x00000006d4800000| PB 0x00000006d4800000| Complete |  0
| 938|0x00000006d5000000, 0x00000006d5800000, 0x00000006d5800000|100%| E|CS|TAMS 0x00000006d5000000| PB 0x00000006d5000000| Complete |  0
| 939|0x00000006d5800000, 0x00000006d6000000, 0x00000006d6000000|100%| E|CS|TAMS 0x00000006d5800000| PB 0x00000006d5800000| Complete |  0
| 940|0x00000006d6000000, 0x00000006d6800000, 0x00000006d6800000|100%| E|CS|TAMS 0x00000006d6000000| PB 0x00000006d6000000| Complete |  0
| 941|0x00000006d6800000, 0x00000006d7000000, 0x00000006d7000000|100%| E|CS|TAMS 0x00000006d6800000| PB 0x00000006d6800000| Complete |  0
| 942|0x00000006d7000000, 0x00000006d7800000, 0x00000006d7800000|100%| E|CS|TAMS 0x00000006d7000000| PB 0x00000006d7000000| Complete |  0
| 943|0x00000006d7800000, 0x00000006d8000000, 0x00000006d8000000|100%| E|CS|TAMS 0x00000006d7800000| PB 0x00000006d7800000| Complete |  0
| 944|0x00000006d8000000, 0x00000006d8800000, 0x00000006d8800000|100%| E|CS|TAMS 0x00000006d8000000| PB 0x00000006d8000000| Complete |  0
| 945|0x00000006d8800000, 0x00000006d9000000, 0x00000006d9000000|100%| E|CS|TAMS 0x00000006d8800000| PB 0x00000006d8800000| Complete |  0
| 946|0x00000006d9000000, 0x00000006d9800000, 0x00000006d9800000|100%| E|CS|TAMS 0x00000006d9000000| PB 0x00000006d9000000| Complete |  0
| 947|0x00000006d9800000, 0x00000006da000000, 0x00000006da000000|100%| E|CS|TAMS 0x00000006d9800000| PB 0x00000006d9800000| Complete |  0
| 948|0x00000006da000000, 0x00000006da800000, 0x00000006da800000|100%| E|CS|TAMS 0x00000006da000000| PB 0x00000006da000000| Complete |  0
| 949|0x00000006da800000, 0x00000006db000000, 0x00000006db000000|100%| E|CS|TAMS 0x00000006da800000| PB 0x00000006da800000| Complete |  0
| 950|0x00000006db000000, 0x00000006db800000, 0x00000006db800000|100%| E|CS|TAMS 0x00000006db000000| PB 0x00000006db000000| Complete |  0
| 951|0x00000006db800000, 0x00000006dc000000, 0x00000006dc000000|100%| E|CS|TAMS 0x00000006db800000| PB 0x00000006db800000| Complete |  0
| 952|0x00000006dc000000, 0x00000006dc800000, 0x00000006dc800000|100%| E|CS|TAMS 0x00000006dc000000| PB 0x00000006dc000000| Complete |  0
| 953|0x00000006dc800000, 0x00000006dd000000, 0x00000006dd000000|100%| E|CS|TAMS 0x00000006dc800000| PB 0x00000006dc800000| Complete |  0
| 954|0x00000006dd000000, 0x00000006dd800000, 0x00000006dd800000|100%| E|CS|TAMS 0x00000006dd000000| PB 0x00000006dd000000| Complete |  0
| 955|0x00000006dd800000, 0x00000006de000000, 0x00000006de000000|100%| E|CS|TAMS 0x00000006dd800000| PB 0x00000006dd800000| Complete |  0
| 956|0x00000006de000000, 0x00000006de800000, 0x00000006de800000|100%| E|CS|TAMS 0x00000006de000000| PB 0x00000006de000000| Complete |  0
| 957|0x00000006de800000, 0x00000006df000000, 0x00000006df000000|100%| E|CS|TAMS 0x00000006de800000| PB 0x00000006de800000| Complete |  0
| 958|0x00000006df000000, 0x00000006df800000, 0x00000006df800000|100%| E|CS|TAMS 0x00000006df000000| PB 0x00000006df000000| Complete |  0
| 959|0x00000006df800000, 0x00000006e0000000, 0x00000006e0000000|100%| E|CS|TAMS 0x00000006df800000| PB 0x00000006df800000| Complete |  0
| 960|0x00000006e0000000, 0x00000006e0800000, 0x00000006e0800000|100%| E|CS|TAMS 0x00000006e0000000| PB 0x00000006e0000000| Complete |  0
| 961|0x00000006e0800000, 0x00000006e1000000, 0x00000006e1000000|100%| E|CS|TAMS 0x00000006e0800000| PB 0x00000006e0800000| Complete |  0
| 962|0x00000006e1000000, 0x00000006e1800000, 0x00000006e1800000|100%| E|CS|TAMS 0x00000006e1000000| PB 0x00000006e1000000| Complete |  0
| 963|0x00000006e1800000, 0x00000006e2000000, 0x00000006e2000000|100%| E|CS|TAMS 0x00000006e1800000| PB 0x00000006e1800000| Complete |  0
| 964|0x00000006e2000000, 0x00000006e2800000, 0x00000006e2800000|100%| E|CS|TAMS 0x00000006e2000000| PB 0x00000006e2000000| Complete |  0
| 965|0x00000006e2800000, 0x00000006e3000000, 0x00000006e3000000|100%| E|CS|TAMS 0x00000006e2800000| PB 0x00000006e2800000| Complete |  0
| 966|0x00000006e3000000, 0x00000006e3800000, 0x00000006e3800000|100%| E|CS|TAMS 0x00000006e3000000| PB 0x00000006e3000000| Complete |  0
| 967|0x00000006e3800000, 0x00000006e4000000, 0x00000006e4000000|100%| E|CS|TAMS 0x00000006e3800000| PB 0x00000006e3800000| Complete |  0
| 968|0x00000006e4000000, 0x00000006e4800000, 0x00000006e4800000|100%| E|CS|TAMS 0x00000006e4000000| PB 0x00000006e4000000| Complete |  0
| 969|0x00000006e4800000, 0x00000006e5000000, 0x00000006e5000000|100%| E|CS|TAMS 0x00000006e4800000| PB 0x00000006e4800000| Complete |  0
| 970|0x00000006e5000000, 0x00000006e5800000, 0x00000006e5800000|100%| E|CS|TAMS 0x00000006e5000000| PB 0x00000006e5000000| Complete |  0
| 971|0x00000006e5800000, 0x00000006e6000000, 0x00000006e6000000|100%| E|CS|TAMS 0x00000006e5800000| PB 0x00000006e5800000| Complete |  0
| 972|0x00000006e6000000, 0x00000006e6800000, 0x00000006e6800000|100%| E|CS|TAMS 0x00000006e6000000| PB 0x00000006e6000000| Complete |  0
| 973|0x00000006e6800000, 0x00000006e7000000, 0x00000006e7000000|100%| E|CS|TAMS 0x00000006e6800000| PB 0x00000006e6800000| Complete |  0
| 974|0x00000006e7000000, 0x00000006e7800000, 0x00000006e7800000|100%| E|CS|TAMS 0x00000006e7000000| PB 0x00000006e7000000| Complete |  0
| 975|0x00000006e7800000, 0x00000006e8000000, 0x00000006e8000000|100%| E|CS|TAMS 0x00000006e7800000| PB 0x00000006e7800000| Complete |  0
| 976|0x00000006e8000000, 0x00000006e8800000, 0x00000006e8800000|100%| E|CS|TAMS 0x00000006e8000000| PB 0x00000006e8000000| Complete |  0
| 977|0x00000006e8800000, 0x00000006e9000000, 0x00000006e9000000|100%| E|CS|TAMS 0x00000006e8800000| PB 0x00000006e8800000| Complete |  0
| 978|0x00000006e9000000, 0x00000006e9800000, 0x00000006e9800000|100%| E|CS|TAMS 0x00000006e9000000| PB 0x00000006e9000000| Complete |  0
| 979|0x00000006e9800000, 0x00000006ea000000, 0x00000006ea000000|100%| E|CS|TAMS 0x00000006e9800000| PB 0x00000006e9800000| Complete |  0
|1511|0x00000007f3800000, 0x00000007f4000000, 0x00000007f4000000|100%| E|CS|TAMS 0x00000007f3800000| PB 0x00000007f3800000| Complete |  0
|1512|0x00000007f4000000, 0x00000007f4800000, 0x00000007f4800000|100%| E|CS|TAMS 0x00000007f4000000| PB 0x00000007f4000000| Complete |  0
|1513|0x00000007f4800000, 0x00000007f5000000, 0x00000007f5000000|100%| E|CS|TAMS 0x00000007f4800000| PB 0x00000007f4800000| Complete |  0
|1514|0x00000007f5000000, 0x00000007f5800000, 0x00000007f5800000|100%| E|CS|TAMS 0x00000007f5000000| PB 0x00000007f5000000| Complete |  0
|1515|0x00000007f5800000, 0x00000007f6000000, 0x00000007f6000000|100%| E|CS|TAMS 0x00000007f5800000| PB 0x00000007f5800000| Complete |  0
|1516|0x00000007f6000000, 0x00000007f6800000, 0x00000007f6800000|100%| E|CS|TAMS 0x00000007f6000000| PB 0x00000007f6000000| Complete |  0
|1517|0x00000007f6800000, 0x00000007f7000000, 0x00000007f7000000|100%| E|CS|TAMS 0x00000007f6800000| PB 0x00000007f6800000| Complete |  0
|1518|0x00000007f7000000, 0x00000007f7800000, 0x00000007f7800000|100%| E|CS|TAMS 0x00000007f7000000| PB 0x00000007f7000000| Complete |  0
|1519|0x00000007f7800000, 0x00000007f8000000, 0x00000007f8000000|100%| E|CS|TAMS 0x00000007f7800000| PB 0x00000007f7800000| Complete |  0
|1520|0x00000007f8000000, 0x00000007f8800000, 0x00000007f8800000|100%| E|CS|TAMS 0x00000007f8000000| PB 0x00000007f8000000| Complete |  0
|1521|0x00000007f8800000, 0x00000007f9000000, 0x00000007f9000000|100%| E|CS|TAMS 0x00000007f8800000| PB 0x00000007f8800000| Complete |  0
|1522|0x00000007f9000000, 0x00000007f9800000, 0x00000007f9800000|100%| E|CS|TAMS 0x00000007f9000000| PB 0x00000007f9000000| Complete |  0
|1523|0x00000007f9800000, 0x00000007fa000000, 0x00000007fa000000|100%| O|  |TAMS 0x00000007f9800000| PB 0x00000007f9800000| Untracked |  0
|1524|0x00000007fa000000, 0x00000007fa800000, 0x00000007fa800000|100%| E|CS|TAMS 0x00000007fa000000| PB 0x00000007fa000000| Complete |  0
|1525|0x00000007fa800000, 0x00000007fb000000, 0x00000007fb000000|100%| E|CS|TAMS 0x00000007fa800000| PB 0x00000007fa800000| Complete |  0
|1526|0x00000007fb000000, 0x00000007fb800000, 0x00000007fb800000|100%| E|CS|TAMS 0x00000007fb000000| PB 0x00000007fb000000| Complete |  0
|1527|0x00000007fb800000, 0x00000007fc000000, 0x00000007fc000000|100%| O|  |TAMS 0x00000007fb800000| PB 0x00000007fb800000| Untracked |  0
|1528|0x00000007fc000000, 0x00000007fc800000, 0x00000007fc800000|100%| O|  |TAMS 0x00000007fc000000| PB 0x00000007fc000000| Untracked |  0
|1529|0x00000007fc800000, 0x00000007fd000000, 0x00000007fd000000|100%| O|  |TAMS 0x00000007fc800000| PB 0x00000007fc800000| Untracked |  0
|1530|0x00000007fd000000, 0x00000007fd800000, 0x00000007fd800000|100%| E|CS|TAMS 0x00000007fd000000| PB 0x00000007fd000000| Complete |  0
|1531|0x00000007fd800000, 0x00000007fe000000, 0x00000007fe000000|100%| E|CS|TAMS 0x00000007fd800000| PB 0x00000007fd800000| Complete |  0
|1532|0x00000007fe000000, 0x00000007fe800000, 0x00000007fe800000|100%| E|CS|TAMS 0x00000007fe000000| PB 0x00000007fe000000| Complete |  0
|1533|0x00000007fe800000, 0x00000007ff000000, 0x00000007ff000000|100%| O|  |TAMS 0x00000007fe800000| PB 0x00000007fe800000| Untracked |  0
|1534|0x00000007ff000000, 0x00000007ff800000, 0x00000007ff800000|100%| E|CS|TAMS 0x00000007ff000000| PB 0x00000007ff000000| Complete |  0
|1535|0x00000007ff800000, 0x0000000800000000, 0x0000000800000000|100%| E|CS|TAMS 0x00000007ff800000| PB 0x00000007ff800000| Complete |  0

Card table byte_map: [0x00000209a2800000,0x00000209a4000000] _byte_map_base: 0x00000209a0000000

Marking Bits: (CMBitMap*) 0x0000020986676e60
 Bits: [0x00000209a4000000, 0x00000209b0000000)

Polling page: 0x0000020985750000

Metaspace:
Metaspace        used 268584K, committed 271616K, reserved 1310720K
 class space     used 37198K, committed 38592K, reserved 1048576K

Usage:
  Non-class:    225.96 MB used.
      Class:     36.33 MB used.
       Both:    262.29 MB used.

Virtual space:
  Non-class space:      256.00 MB reserved,     227.56 MB ( 89%) committed,  4 nodes.
      Class space:        1.00 GB reserved,      37.69 MB (  4%) committed,  1 nodes.
             Both:        1.25 GB reserved,     265.25 MB ( 21%) committed. 

Chunk freelists:
   Non-Class:  12.30 MB
       Class:  10.32 MB
        Both:  22.61 MB

MaxMetaspaceSize: 2.00 GB
CompressedClassSpaceSize: 1.00 GB
Initial GC threshold: 21.00 MB
Current GC threshold: 436.38 MB
CDS: on
 - commit_granule_bytes: 65536.
 - commit_granule_words: 8192.
 - virtual_space_node_default_size: 8388608.
 - enlarge_chunks_in_place: 1.
UseCompressedClassPointers 1, UseCompactObjectHeaders 0
Narrow klass pointer bits 32, Max shift 3
Narrow klass base: 0x00001c0000000000, Narrow klass shift: 0
Encoding Range: [0x00001c0000000000 - 0x00001c0100000000), (4294967296 bytes)
Klass Range:    [0x00001c0000010000 - 0x00001c0041000000), (1090453504 bytes)
Klass ID Range:  [65536 - 1090519033) (1090453497)
Protection zone: [0x00001c0000000000 - 0x00001c0000010000), (65536 bytes)


Internal statistics:

num_allocs_failed_limit: 15.
num_arena_births: 5538.
num_arena_deaths: 192.
num_vsnodes_births: 5.
num_vsnodes_deaths: 0.
num_space_committed: 4234.
num_space_uncommitted: 0.
num_chunks_returned_to_freelist: 274.
num_chunks_taken_from_freelist: 16892.
num_chunk_merges: 100.
num_chunk_splits: 11808.
num_chunks_enlarged: 8476.
num_inconsistent_stats: 0.

CodeHeap 'non-profiled nmethods': size=120064Kb used=33935Kb max_used=33935Kb free=86128Kb
 bounds [0x0000020998920000, 0x000002099aa50000, 0x000002099fe60000]
CodeHeap 'profiled nmethods': size=120064Kb used=31291Kb max_used=42864Kb free=88772Kb
 bounds [0x0000020990e40000, 0x0000020993a00000, 0x0000020998380000]
CodeHeap 'non-nmethods': size=5760Kb used=2162Kb max_used=2390Kb free=3597Kb
 bounds [0x0000020998380000, 0x00000209985f0000, 0x0000020998920000]
CodeCache: size=245888Kb, used=67388Kb, max_used=79189Kb, free=178497Kb
 total_blobs=24500, nmethods=23200, adapters=1203, full_count=0
Compilation: enabled, stopped_count=0, restarted_count=0

Compilation events (20 events):
Event: 266.509 Thread 0x00000209867fbcf0 67589       3       com.android.tools.r8.internal.ne0::<init> (128 bytes)
Event: 266.510 Thread 0x00000209867fbcf0 nmethod 67589 0x0000020992c91b88 code [0x0000020992c91c80, 0x0000020992c924c0]
Event: 266.510 Thread 0x00000209867f9030 nmethod 67583 0x000002099aa34308 code [0x000002099aa34400, 0x000002099aa34680]
Event: 266.523 Thread 0x00000209867f9030 67590       4       com.android.tools.r8.dex.z::a (61 bytes)
Event: 266.536 Thread 0x00000209867f9030 nmethod 67590 0x000002099aa346c8 code [0x000002099aa347c0, 0x000002099aa35640]
Event: 266.536 Thread 0x00000209867f9030 67591       4       com.android.tools.r8.dex.z::a (1019 bytes)
Event: 266.586 Thread 0x00000209867fbcf0 67592       3       com.android.tools.r8.dex.z$$Lambda/0x00001c00035a7510::apply (15 bytes)
Event: 266.587 Thread 0x00000209867fbcf0 nmethod 67592 0x0000020992c91388 code [0x0000020992c91480, 0x0000020992c91b68]
Event: 266.587 Thread 0x00000209867fbcf0 67593       3       com.android.tools.r8.dex.z::g (17 bytes)
Event: 266.587 Thread 0x00000209867fbcf0 nmethod 67593 0x0000020992c90d48 code [0x0000020992c90e40, 0x0000020992c91350]
Event: 266.623 Thread 0x00000209bb866800 nmethod 67578 0x000002099aa35688 code [0x000002099aa35780, 0x000002099aa41f60]
Event: 266.623 Thread 0x00000209bb866800 67594       4       com.android.tools.r8.graph.q1::c (73 bytes)
Event: 266.628 Thread 0x00000209867f9030 nmethod 67591 0x000002099aa41f88 code [0x000002099aa42080, 0x000002099aa46988]
Event: 266.629 Thread 0x00000209bb866800 nmethod 67594 0x000002099aa46ac8 code [0x000002099aa46bc0, 0x000002099aa47778]
Event: 266.634 Thread 0x00000209867f9030 67595       4       com.android.tools.r8.internal.pe0::<init> (13 bytes)
Event: 266.635 Thread 0x00000209bb866800 67596       4       com.android.tools.r8.internal.bg0::<init> (7 bytes)
Event: 266.636 Thread 0x00000209bb866800 nmethod 67596 0x000002099aa477c8 code [0x000002099aa478c0, 0x000002099aa47a98]
Event: 266.636 Thread 0x00000209867f9030 nmethod 67595 0x000002099aa47ac8 code [0x000002099aa47bc0, 0x000002099aa47f98]
Event: 266.706 Thread 0x00000209867fbcf0 67597       3       java.util.HashMap$TreeNode::treeify (221 bytes)
Event: 266.707 Thread 0x00000209867fbcf0 nmethod 67597 0x0000020992c90008 code [0x0000020992c90100, 0x0000020992c90d20]

GC Heap Usage History (20 events):
Event: 239.817 {heap Before GC invocations=133 (full 0):
 garbage-first heap   total reserved 12582912K, committed 7970816K, used 6807053K [0x0000000500000000, 0x0000000800000000)
  region size 8192K, 583 young (4775936K), 57 survivors (466944K)
}
Event: 239.941 {heap After GC invocations=134 (full 0):
 garbage-first heap   total reserved 12582912K, committed 7970816K, used 2530621K [0x0000000500000000, 0x0000000800000000)
  region size 8192K, 40 young (327680K), 40 survivors (327680K)
}
Event: 240.842 {heap Before GC invocations=134 (full 0):
 garbage-first heap   total reserved 12582912K, committed 7970816K, used 6970685K [0x0000000500000000, 0x0000000800000000)
  region size 8192K, 583 young (4775936K), 40 survivors (327680K)
}
Event: 240.942 {heap After GC invocations=135 (full 0):
 garbage-first heap   total reserved 12582912K, committed 7970816K, used 2572752K [0x0000000500000000, 0x0000000800000000)
  region size 8192K, 40 young (327680K), 40 survivors (327680K)
}
Event: 241.764 {heap Before GC invocations=135 (full 0):
 garbage-first heap   total reserved 12582912K, committed 7970816K, used 7021008K [0x0000000500000000, 0x0000000800000000)
  region size 8192K, 583 young (4775936K), 40 survivors (327680K)
}
Event: 241.853 {heap After GC invocations=136 (full 0):
 garbage-first heap   total reserved 12582912K, committed 7970816K, used 2603280K [0x0000000500000000, 0x0000000800000000)
  region size 8192K, 38 young (311296K), 38 survivors (311296K)
}
Event: 242.531 {heap Before GC invocations=136 (full 0):
 garbage-first heap   total reserved 12582912K, committed 7970816K, used 7067920K [0x0000000500000000, 0x0000000800000000)
  region size 8192K, 583 young (4775936K), 38 survivors (311296K)
}
Event: 242.616 {heap After GC invocations=137 (full 0):
 garbage-first heap   total reserved 12582912K, committed 7970816K, used 2607376K [0x0000000500000000, 0x0000000800000000)
  region size 8192K, 38 young (311296K), 38 survivors (311296K)
}
Event: 243.285 {heap Before GC invocations=137 (full 0):
 garbage-first heap   total reserved 12582912K, committed 7970816K, used 7072016K [0x0000000500000000, 0x0000000800000000)
  region size 8192K, 583 young (4775936K), 38 survivors (311296K)
}
Event: 243.378 {heap After GC invocations=138 (full 0):
 garbage-first heap   total reserved 12582912K, committed 8232960K, used 2627856K [0x0000000500000000, 0x0000000800000000)
  region size 8192K, 41 young (335872K), 41 survivors (335872K)
}
Event: 243.937 {heap Before GC invocations=138 (full 0):
 garbage-first heap   total reserved 12582912K, committed 8232960K, used 7231760K [0x0000000500000000, 0x0000000800000000)
  region size 8192K, 603 young (4939776K), 41 survivors (335872K)
}
Event: 244.043 {heap After GC invocations=139 (full 0):
 garbage-first heap   total reserved 12582912K, committed 8232960K, used 2663359K [0x0000000500000000, 0x0000000800000000)
  region size 8192K, 22 young (180224K), 22 survivors (180224K)
}
Event: 244.401 {heap Before GC invocations=139 (full 0):
 garbage-first heap   total reserved 12582912K, committed 8232960K, used 7422911K [0x0000000500000000, 0x0000000800000000)
  region size 8192K, 603 young (4939776K), 22 survivors (180224K)
}
Event: 244.445 {heap After GC invocations=140 (full 0):
 garbage-first heap   total reserved 12582912K, committed 8232960K, used 2679743K [0x0000000500000000, 0x0000000800000000)
  region size 8192K, 24 young (196608K), 24 survivors (196608K)
}
Event: 244.539 {heap Before GC invocations=140 (full 0):
 garbage-first heap   total reserved 12582912K, committed 8232960K, used 4006847K [0x0000000500000000, 0x0000000800000000)
  region size 8192K, 187 young (1531904K), 24 survivors (196608K)
}
Event: 244.582 {heap After GC invocations=141 (full 0):
 garbage-first heap   total reserved 12582912K, committed 8232960K, used 2700223K [0x0000000500000000, 0x0000000800000000)
  region size 8192K, 26 young (212992K), 26 survivors (212992K)
}
Event: 249.498 {heap Before GC invocations=142 (full 0):
 garbage-first heap   total reserved 12582912K, committed 8232960K, used 7236527K [0x0000000500000000, 0x0000000800000000)
  region size 8192K, 603 young (4939776K), 26 survivors (212992K)
}
Event: 249.568 {heap After GC invocations=143 (full 0):
 garbage-first heap   total reserved 12582912K, committed 8232960K, used 2575279K [0x0000000500000000, 0x0000000800000000)
  region size 8192K, 33 young (270336K), 33 survivors (270336K)
}
Event: 254.775 {heap Before GC invocations=143 (full 0):
 garbage-first heap   total reserved 12582912K, committed 8232960K, used 7302063K [0x0000000500000000, 0x0000000800000000)
  region size 8192K, 603 young (4939776K), 33 survivors (270336K)
}
Event: 254.915 {heap After GC invocations=144 (full 0):
 garbage-first heap   total reserved 12582912K, committed 8232960K, used 2436194K [0x0000000500000000, 0x0000000800000000)
  region size 8192K, 45 young (368640K), 45 survivors (368640K)
}

Metaspace Usage History (20 events):
Event: 239.817 {metaspace Before GC invocations=133 (full 0):
 Metaspace       used 264576K, committed 267648K, reserved 1310720K
  class space    used 36669K, committed 38144K, reserved 1048576K
}
Event: 239.941 {metaspace After GC invocations=134 (full 0):
 Metaspace       used 264576K, committed 267648K, reserved 1310720K
  class space    used 36669K, committed 38144K, reserved 1048576K
}
Event: 240.842 {metaspace Before GC invocations=134 (full 0):
 Metaspace       used 264642K, committed 267712K, reserved 1310720K
  class space    used 36670K, committed 38144K, reserved 1048576K
}
Event: 240.942 {metaspace After GC invocations=135 (full 0):
 Metaspace       used 264642K, committed 267712K, reserved 1310720K
  class space    used 36670K, committed 38144K, reserved 1048576K
}
Event: 241.764 {metaspace Before GC invocations=135 (full 0):
 Metaspace       used 264659K, committed 267712K, reserved 1310720K
  class space    used 36671K, committed 38144K, reserved 1048576K
}
Event: 241.853 {metaspace After GC invocations=136 (full 0):
 Metaspace       used 264659K, committed 267712K, reserved 1310720K
  class space    used 36671K, committed 38144K, reserved 1048576K
}
Event: 242.531 {metaspace Before GC invocations=136 (full 0):
 Metaspace       used 264661K, committed 267712K, reserved 1310720K
  class space    used 36671K, committed 38144K, reserved 1048576K
}
Event: 242.616 {metaspace After GC invocations=137 (full 0):
 Metaspace       used 264661K, committed 267712K, reserved 1310720K
  class space    used 36671K, committed 38144K, reserved 1048576K
}
Event: 243.285 {metaspace Before GC invocations=137 (full 0):
 Metaspace       used 264668K, committed 267776K, reserved 1310720K
  class space    used 36671K, committed 38144K, reserved 1048576K
}
Event: 243.378 {metaspace After GC invocations=138 (full 0):
 Metaspace       used 264668K, committed 267776K, reserved 1310720K
  class space    used 36671K, committed 38144K, reserved 1048576K
}
Event: 243.937 {metaspace Before GC invocations=138 (full 0):
 Metaspace       used 264679K, committed 267776K, reserved 1310720K
  class space    used 36671K, committed 38144K, reserved 1048576K
}
Event: 244.043 {metaspace After GC invocations=139 (full 0):
 Metaspace       used 264679K, committed 267776K, reserved 1310720K
  class space    used 36671K, committed 38144K, reserved 1048576K
}
Event: 244.401 {metaspace Before GC invocations=139 (full 0):
 Metaspace       used 264680K, committed 267776K, reserved 1310720K
  class space    used 36671K, committed 38144K, reserved 1048576K
}
Event: 244.445 {metaspace After GC invocations=140 (full 0):
 Metaspace       used 264680K, committed 267776K, reserved 1310720K
  class space    used 36671K, committed 38144K, reserved 1048576K
}
Event: 244.539 {metaspace Before GC invocations=140 (full 0):
 Metaspace       used 264684K, committed 267776K, reserved 1310720K
  class space    used 36671K, committed 38144K, reserved 1048576K
}
Event: 244.582 {metaspace After GC invocations=141 (full 0):
 Metaspace       used 264684K, committed 267776K, reserved 1310720K
  class space    used 36671K, committed 38144K, reserved 1048576K
}
Event: 249.498 {metaspace Before GC invocations=142 (full 0):
 Metaspace       used 265584K, committed 268608K, reserved 1310720K
  class space    used 36801K, committed 38208K, reserved 1048576K
}
Event: 249.568 {metaspace After GC invocations=143 (full 0):
 Metaspace       used 265584K, committed 268608K, reserved 1310720K
  class space    used 36801K, committed 38208K, reserved 1048576K
}
Event: 254.775 {metaspace Before GC invocations=143 (full 0):
 Metaspace       used 267170K, committed 270208K, reserved 1310720K
  class space    used 37025K, committed 38464K, reserved 1048576K
}
Event: 254.915 {metaspace After GC invocations=144 (full 0):
 Metaspace       used 267170K, committed 270208K, reserved 1310720K
  class space    used 37025K, committed 38464K, reserved 1048576K
}

Dll operation events (16 events):
Event: 0.006 Loaded shared library C:\Users\M7 Surface\AppData\Local\Programs\Microsoft\jdk-25.0.3.9-hotspot\bin\java.dll
Event: 0.040 Loaded shared library C:\Users\M7 Surface\AppData\Local\Programs\Microsoft\jdk-25.0.3.9-hotspot\bin\zip.dll
Event: 0.041 Loaded shared library C:\Users\M7 Surface\AppData\Local\Programs\Microsoft\jdk-25.0.3.9-hotspot\bin\instrument.dll
Event: 0.043 Loaded shared library C:\Users\M7 Surface\AppData\Local\Programs\Microsoft\jdk-25.0.3.9-hotspot\bin\net.dll
Event: 0.044 Loaded shared library C:\Users\M7 Surface\AppData\Local\Programs\Microsoft\jdk-25.0.3.9-hotspot\bin\nio.dll
Event: 0.046 Loaded shared library C:\Users\M7 Surface\AppData\Local\Programs\Microsoft\jdk-25.0.3.9-hotspot\bin\zip.dll
Event: 0.116 Loaded shared library C:\Users\M7 Surface\AppData\Local\Programs\Microsoft\jdk-25.0.3.9-hotspot\bin\jimage.dll
Event: 0.195 Loaded shared library C:\Users\M7 Surface\AppData\Local\Programs\Microsoft\jdk-25.0.3.9-hotspot\bin\verify.dll
Event: 0.205 Loaded shared library C:\Users\M7 Surface\.gradle\native\660c5614fbf4a5f2a75b1949f50a0caf5cd603558e7d8a26e50b933a0cfb79d1\windows-aarch64\native-platform.dll
Event: 0.210 Loaded shared library C:\Users\M7 Surface\.gradle\native\0.2.8\aarch64-windows-gnu\gradle-fileevents.dll
Event: 1.244 Loaded shared library C:\Users\M7 Surface\AppData\Local\Programs\Microsoft\jdk-25.0.3.9-hotspot\bin\management.dll
Event: 1.245 Loaded shared library C:\Users\M7 Surface\AppData\Local\Programs\Microsoft\jdk-25.0.3.9-hotspot\bin\management_ext.dll
Event: 1.306 Loaded shared library C:\Users\M7 Surface\AppData\Local\Programs\Microsoft\jdk-25.0.3.9-hotspot\bin\extnet.dll
Event: 1.417 Loaded shared library C:\Users\M7 Surface\AppData\Local\Programs\Microsoft\jdk-25.0.3.9-hotspot\bin\sunmscapi.dll
Event: 24.738 Loaded shared library C:\Users\M7 Surface\AppData\Local\Programs\Microsoft\jdk-25.0.3.9-hotspot\bin\rmi.dll
Event: 169.135 Loaded shared library C:\Users\M7 Surface\AppData\Local\Programs\Microsoft\jdk-25.0.3.9-hotspot\bin\awt.dll

Deoptimization events (20 events):
Event: 265.923 Thread 0x00000209eb3d12e0 DEOPT PACKING pc=0x0000020991517fe0 sp=0x000000904acff160
Event: 265.923 Thread 0x00000209eb3d12e0 DEOPT UNPACKING pc=0x00000209983bd0bc sp=0x000000904acfedd0 mode 0
Event: 266.218 Thread 0x00000209bd1dcd70 Uncommon trap: trap_request=0xffffffde fr.pc=0x0000020998f9d810 relative=0x0000000000000c10
Event: 266.218 Thread 0x00000209bd1dcd70 Uncommon trap: reason=class_check action=maybe_recompile pc=0x0000020998f9d810 method=java.util.concurrent.ConcurrentHashMap.comparableClassFor(Ljava/lang/Object;)Ljava/lang/Class; @ 56 c2
Event: 266.218 Thread 0x00000209bd1dcd70 DEOPT PACKING pc=0x0000020998f9d810 sp=0x00000090483fdb60
Event: 266.218 Thread 0x00000209bd1dcd70 DEOPT UNPACKING pc=0x000002099849381c sp=0x00000090483fdad0 mode 2
Event: 266.218 Thread 0x00000209bd1dcd70 Uncommon trap: trap_request=0xffffffde fr.pc=0x0000020998f9d810 relative=0x0000000000000c10
Event: 266.218 Thread 0x00000209bd1dcd70 Uncommon trap: reason=class_check action=maybe_recompile pc=0x0000020998f9d810 method=java.util.concurrent.ConcurrentHashMap.comparableClassFor(Ljava/lang/Object;)Ljava/lang/Class; @ 56 c2
Event: 266.218 Thread 0x00000209bd1dcd70 DEOPT PACKING pc=0x0000020998f9d810 sp=0x00000090483fdb60
Event: 266.218 Thread 0x00000209bd1dcd70 DEOPT UNPACKING pc=0x000002099849381c sp=0x00000090483fdad0 mode 2
Event: 266.371 Thread 0x00000209eb3e12a0 Uncommon trap: trap_request=0x000000e6 fr.pc=0x000002099a9d7cfc relative=0x0000000000008bfc
Event: 266.371 Thread 0x00000209eb3e12a0 Uncommon trap: reason=unloaded action=reinterpret pc=0x000002099a9d7cfc method=com.android.tools.r8.internal.vb0.a(IILcom/android/tools/r8/internal/ug0;Lcom/android/tools/r8/graph/bc;)Lcom/android/tools/r8/internal/tg0; @ 1621 c2
Event: 266.371 Thread 0x00000209eb3e12a0 DEOPT PACKING pc=0x000002099a9d7cfc sp=0x000000904a9ff190
Event: 266.371 Thread 0x00000209eb3e12a0 DEOPT UNPACKING pc=0x000002099849381c sp=0x000000904a9ff130 mode 2
Event: 266.509 Thread 0x00000209e7229d20 DEOPT PACKING pc=0x00000209922c382c sp=0x000000904a6feb90
Event: 266.509 Thread 0x00000209e7229d20 DEOPT UNPACKING pc=0x00000209983bd0bc sp=0x000000904a6fe8b0 mode 0
Event: 266.529 Thread 0x00000209e72420a0 DEOPT PACKING pc=0x00000209936974b0 sp=0x000000904a5feff0
Event: 266.529 Thread 0x00000209e72420a0 DEOPT UNPACKING pc=0x00000209983bd0bc sp=0x000000904a5fedb0 mode 0
Event: 266.624 Thread 0x00000209e7229d20 DEOPT PACKING pc=0x00000209936974b0 sp=0x000000904a6feec0
Event: 266.624 Thread 0x00000209e7229d20 DEOPT UNPACKING pc=0x00000209983bd0bc sp=0x000000904a6fec80 mode 0

Classes loaded (20 events):
Event: 248.521 Loading class java/util/DualPivotQuicksort$PartitionOperation
Event: 248.522 Loading class java/util/DualPivotQuicksort$PartitionOperation done
Event: 248.522 Loading class java/util/DualPivotQuicksort$SortOperation
Event: 248.522 Loading class java/util/DualPivotQuicksort$SortOperation done
Event: 253.420 Loading class java/nio/ShortBuffer
Event: 253.421 Loading class java/nio/ShortBuffer done
Event: 253.424 Loading class java/time/temporal/TemporalAdjusters
Event: 253.424 Loading class java/time/temporal/TemporalAdjusters done
Event: 253.428 Loading class java/util/zip/ZipOutputStream$XEntry
Event: 253.429 Loading class java/util/zip/ZipOutputStream$XEntry done
Event: 253.551 Loading class java/nio/ByteBufferAsShortBufferL
Event: 253.552 Loading class java/nio/ByteBufferAsShortBufferL done
Event: 253.650 Loading class java/util/zip/Adler32
Event: 253.650 Loading class java/util/zip/Adler32 done
Event: 255.054 Loading class jdk/internal/reflect/MethodHandleFloatFieldAccessorImpl
Event: 255.055 Loading class jdk/internal/reflect/MethodHandleFloatFieldAccessorImpl done
Event: 264.282 Loading class java/util/concurrent/Executors$AutoShutdownDelegatedExecutorService
Event: 264.282 Loading class java/util/concurrent/Executors$AutoShutdownDelegatedExecutorService done
Event: 264.419 Loading class java/nio/HeapShortBuffer
Event: 264.420 Loading class java/nio/HeapShortBuffer done

Classes unloaded (20 events):
Event: 245.911 Thread 0x000002098613e050 Unloading class 0x00001c00033d4800 'java/lang/invoke/LambdaForm$DMH+0x00001c00033d4800'
Event: 245.911 Thread 0x000002098613e050 Unloading class 0x00001c00033d4400 'java/lang/invoke/LambdaForm$DMH+0x00001c00033d4400'
Event: 245.911 Thread 0x000002098613e050 Unloading class 0x00001c00033bc400 'java/lang/invoke/LambdaForm$DMH+0x00001c00033bc400'
Event: 245.911 Thread 0x000002098613e050 Unloading class 0x00001c00033b4800 'java/lang/invoke/LambdaForm$DMH+0x00001c00033b4800'
Event: 245.911 Thread 0x000002098613e050 Unloading class 0x00001c00033b4c00 'java/lang/invoke/LambdaForm$DMH+0x00001c00033b4c00'
Event: 245.911 Thread 0x000002098613e050 Unloading class 0x00001c00033b4400 'java/lang/invoke/LambdaForm$DMH+0x00001c00033b4400'
Event: 245.911 Thread 0x000002098613e050 Unloading class 0x00001c00033b4000 'java/lang/invoke/LambdaForm$DMH+0x00001c00033b4000'
Event: 245.911 Thread 0x000002098613e050 Unloading class 0x00001c00033b3800 'java/lang/invoke/LambdaForm$MH+0x00001c00033b3800'
Event: 245.911 Thread 0x000002098613e050 Unloading class 0x00001c00033b3400 'java/lang/invoke/LambdaForm$MH+0x00001c00033b3400'
Event: 245.911 Thread 0x000002098613e050 Unloading class 0x00001c00033b2c00 'java/lang/invoke/LambdaForm$MH+0x00001c00033b2c00'
Event: 245.911 Thread 0x000002098613e050 Unloading class 0x00001c00033b2800 'java/lang/invoke/LambdaForm$MH+0x00001c00033b2800'
Event: 245.911 Thread 0x000002098613e050 Unloading class 0x00001c00033b3000 'java/lang/invoke/LambdaForm$MH+0x00001c00033b3000'
Event: 245.911 Thread 0x000002098613e050 Unloading class 0x00001c00033b2400 'java/lang/invoke/LambdaForm$MH+0x00001c00033b2400'
Event: 245.911 Thread 0x000002098613e050 Unloading class 0x00001c00033b1c00 'java/lang/invoke/LambdaForm$DMH+0x00001c00033b1c00'
Event: 245.911 Thread 0x000002098613e050 Unloading class 0x00001c00033b1800 'java/lang/invoke/LambdaForm$DMH+0x00001c00033b1800'
Event: 245.911 Thread 0x000002098613e050 Unloading class 0x00001c00033b1000 'java/lang/invoke/LambdaForm$DMH+0x00001c00033b1000'
Event: 245.911 Thread 0x000002098613e050 Unloading class 0x00001c00033b0c00 'java/lang/invoke/LambdaForm$DMH+0x00001c00033b0c00'
Event: 245.911 Thread 0x000002098613e050 Unloading class 0x00001c00033b1400 'java/lang/invoke/LambdaForm$DMH+0x00001c00033b1400'
Event: 245.911 Thread 0x000002098613e050 Unloading class 0x00001c00033b0800 'java/lang/invoke/LambdaForm$DMH+0x00001c00033b0800'
Event: 245.911 Thread 0x000002098613e050 Unloading class 0x00001c00033b0000 'java/lang/invoke/LambdaForm$DMH+0x00001c00033b0000'

Classes redefined (0 events):
No events

Internal exceptions (20 events):
Event: 264.210 Thread 0x00000209bb08a630 Exception <a 'sun/nio/fs/WindowsException'{0x000000067763d7f0}> (0x000000067763d7f0) 
thrown [s\src\hotspot\share\prims\jni.cpp, line 516]
Event: 264.211 Thread 0x00000209bb08a630 Exception <a 'sun/nio/fs/WindowsException'{0x0000000677640108}> (0x0000000677640108) 
thrown [s\src\hotspot\share\prims\jni.cpp, line 516]
Event: 264.211 Thread 0x00000209bb08a630 Exception <a 'sun/nio/fs/WindowsException'{0x0000000677642b68}> (0x0000000677642b68) 
thrown [s\src\hotspot\share\prims\jni.cpp, line 516]
Event: 264.221 Thread 0x00000209bb08a630 Exception <a 'sun/nio/fs/WindowsException'{0x0000000677730798}> (0x0000000677730798) 
thrown [s\src\hotspot\share\prims\jni.cpp, line 516]
Event: 264.221 Thread 0x00000209bb08a630 Exception <a 'sun/nio/fs/WindowsException'{0x00000006777316b0}> (0x00000006777316b0) 
thrown [s\src\hotspot\share\prims\jni.cpp, line 516]
Event: 264.221 Thread 0x00000209bb08a630 Exception <a 'sun/nio/fs/WindowsException'{0x0000000677731868}> (0x0000000677731868) 
thrown [s\src\hotspot\share\prims\jni.cpp, line 516]
Event: 264.221 Thread 0x00000209bb08a630 Exception <a 'sun/nio/fs/WindowsException'{0x0000000677732a28}> (0x0000000677732a28) 
thrown [s\src\hotspot\share\prims\jni.cpp, line 516]
Event: 264.221 Thread 0x00000209bb08a630 Exception <a 'sun/nio/fs/WindowsException'{0x0000000677733938}> (0x0000000677733938) 
thrown [s\src\hotspot\share\prims\jni.cpp, line 516]
Event: 264.221 Thread 0x00000209bb08a630 Exception <a 'sun/nio/fs/WindowsException'{0x0000000677733ae8}> (0x0000000677733ae8) 
thrown [s\src\hotspot\share\prims\jni.cpp, line 516]
Event: 264.221 Thread 0x00000209bb08a630 Exception <a 'sun/nio/fs/WindowsException'{0x0000000677734bb8}> (0x0000000677734bb8) 
thrown [s\src\hotspot\share\prims\jni.cpp, line 516]
Event: 264.221 Thread 0x00000209bb08a630 Exception <a 'sun/nio/fs/WindowsException'{0x0000000677735a68}> (0x0000000677735a68) 
thrown [s\src\hotspot\share\prims\jni.cpp, line 516]
Event: 264.221 Thread 0x00000209bb08a630 Exception <a 'sun/nio/fs/WindowsException'{0x0000000677735bb8}> (0x0000000677735bb8) 
thrown [s\src\hotspot\share\prims\jni.cpp, line 516]
Event: 264.924 Thread 0x00000209bb0877b0 Exception <a 'sun/nio/fs/WindowsException'{0x000000066f430998}> (0x000000066f430998) 
thrown [s\src\hotspot\share\prims\jni.cpp, line 516]
Event: 264.925 Thread 0x00000209bb0877b0 Exception <a 'sun/nio/fs/WindowsException'{0x000000066f432af0}> (0x000000066f432af0) 
thrown [s\src\hotspot\share\prims\jni.cpp, line 516]
Event: 264.925 Thread 0x00000209bb0877b0 Exception <a 'sun/nio/fs/WindowsException'{0x000000066f435718}> (0x000000066f435718) 
thrown [s\src\hotspot\share\prims\jni.cpp, line 516]
Event: 264.926 Thread 0x00000209bb0877b0 Exception <a 'sun/nio/fs/WindowsException'{0x000000066f438010}> (0x000000066f438010) 
thrown [s\src\hotspot\share\prims\jni.cpp, line 516]
Event: 264.932 Thread 0x00000209bb0877b0 Exception <a 'sun/nio/fs/WindowsException'{0x000000066f460dd0}> (0x000000066f460dd0) 
thrown [s\src\hotspot\share\prims\jni.cpp, line 516]
Event: 264.932 Thread 0x00000209bb0877b0 Exception <a 'sun/nio/fs/WindowsException'{0x000000066f461ca8}> (0x000000066f461ca8) 
thrown [s\src\hotspot\share\prims\jni.cpp, line 516]
Event: 264.932 Thread 0x00000209bb0877b0 Exception <a 'sun/nio/fs/WindowsException'{0x000000066f461e20}> (0x000000066f461e20) 
thrown [s\src\hotspot\share\prims\jni.cpp, line 516]
Event: 265.021 Thread 0x00000209bd1dcd70 Implicit null exception at 0x000002099a95c474 to 0x000002099a95cf7c

VM Operations (20 events):
Event: 250.708 Executing non-safepoint VM operation: HandshakeAllThreads (Deoptimize)
Event: 250.708 Executing non-safepoint VM operation: HandshakeAllThreads (Deoptimize) done
Event: 250.712 Executing non-safepoint VM operation: HandshakeAllThreads (Deoptimize)
Event: 250.712 Executing non-safepoint VM operation: HandshakeAllThreads (Deoptimize) done
Event: 252.439 Executing non-safepoint VM operation: HandshakeAllThreads (Deoptimize)
Event: 252.439 Executing non-safepoint VM operation: HandshakeAllThreads (Deoptimize) done
Event: 252.469 Executing non-safepoint VM operation: HandshakeAllThreads (Deoptimize)
Event: 252.469 Executing non-safepoint VM operation: HandshakeAllThreads (Deoptimize) done
Event: 254.612 Executing non-safepoint VM operation: HandshakeAllThreads (Deoptimize)
Event: 254.612 Executing non-safepoint VM operation: HandshakeAllThreads (Deoptimize) done
Event: 254.775 Executing safepoint VM operation: G1CollectForAllocation (G1 Evacuation Pause)
Event: 254.915 Executing safepoint VM operation: G1CollectForAllocation (G1 Evacuation Pause) done
Event: 257.365 Executing non-safepoint VM operation: HandshakeAllThreads (Deoptimize)
Event: 257.365 Executing non-safepoint VM operation: HandshakeAllThreads (Deoptimize) done
Event: 264.412 Executing non-safepoint VM operation: HandshakeAllThreads (Deoptimize)
Event: 264.413 Executing non-safepoint VM operation: HandshakeAllThreads (Deoptimize) done
Event: 264.422 Executing non-safepoint VM operation: HandshakeAllThreads (Deoptimize)
Event: 264.422 Executing non-safepoint VM operation: HandshakeAllThreads (Deoptimize) done
Event: 264.424 Executing non-safepoint VM operation: HandshakeAllThreads (Deoptimize)
Event: 264.424 Executing non-safepoint VM operation: HandshakeAllThreads (Deoptimize) done

Memory protections (0 events):
No events

Nmethod flushes (20 events):
Event: 245.964 Thread 0x000002098613e050 flushing  nmethod 0x00000209932f4948
Event: 245.964 Thread 0x000002098613e050 flushing  nmethod 0x00000209932f4c48
Event: 245.964 Thread 0x000002098613e050 flushing  nmethod 0x0000020993325548
Event: 245.964 Thread 0x000002098613e050 flushing  nmethod 0x000002099333a248
Event: 245.964 Thread 0x000002098613e050 flushing  nmethod 0x000002099333a508
Event: 245.964 Thread 0x000002098613e050 flushing  nmethod 0x0000020993362108
Event: 245.964 Thread 0x000002098613e050 flushing  nmethod 0x0000020993366d88
Event: 245.964 Thread 0x000002098613e050 flushing  nmethod 0x00000209934a9c48
Event: 245.964 Thread 0x000002098613e050 flushing  nmethod 0x00000209934aa008
Event: 245.964 Thread 0x000002098613e050 flushing  nmethod 0x00000209934c4748
Event: 245.964 Thread 0x000002098613e050 flushing  nmethod 0x00000209935e2548
Event: 245.964 Thread 0x000002098613e050 flushing  nmethod 0x00000209935e7cc8
Event: 245.964 Thread 0x000002098613e050 flushing  nmethod 0x000002099363aac8
Event: 245.964 Thread 0x000002098613e050 flushing  nmethod 0x0000020993698a88
Event: 245.964 Thread 0x000002098613e050 flushing  nmethod 0x0000020993721308
Event: 245.964 Thread 0x000002098613e050 flushing  nmethod 0x0000020993736c08
Event: 245.964 Thread 0x000002098613e050 flushing  nmethod 0x0000020993736f48
Event: 245.964 Thread 0x000002098613e050 flushing  nmethod 0x00000209937377c8
Event: 245.964 Thread 0x000002098613e050 flushing  nmethod 0x0000020993737a48
Event: 245.964 Thread 0x000002098613e050 flushing  nmethod 0x000002099376db08

Events (20 events):
Event: 265.214 Thread 0x00000209bd1df430 Thread exited: 0x00000209bd1df430
Event: 265.219 Thread 0x00000209bd1d7830 Thread exited: 0x00000209bd1d7830
Event: 265.222 Thread 0x00000209bd1e0b70 Thread exited: 0x00000209bd1e0b70
Event: 265.419 Thread 0x00000209e723c3a0 Thread exited: 0x00000209e723c3a0
Event: 265.553 Thread 0x00000209bd1dcd70 Thread added: 0x00000209e72266e0
Event: 265.569 Thread 0x00000209b9d3c6a0 Thread added: 0x00000209e7224fa0
Event: 265.720 Thread 0x00000209e72266e0 Thread exited: 0x00000209e72266e0
Event: 265.738 Thread 0x00000209bd1dcd70 Thread added: 0x00000209e722a4e0
Event: 265.757 Thread 0x00000209e722a4e0 Thread exited: 0x00000209e722a4e0
Event: 265.758 Thread 0x00000209bd1dcd70 Thread added: 0x00000209e72266e0
Event: 265.758 Thread 0x00000209bd1dcd70 Thread added: 0x00000209e72420a0
Event: 265.759 Thread 0x00000209e72266e0 Thread added: 0x00000209e7229d20
Event: 265.759 Thread 0x00000209e72420a0 Thread added: 0x00000209bca23060
Event: 265.759 Thread 0x00000209e7229d20 Thread added: 0x00000209eb3e0ae0
Event: 265.760 Thread 0x00000209e7229d20 Thread added: 0x00000209eb3e12a0
Event: 265.760 Thread 0x00000209e72420a0 Thread added: 0x00000209eb3e48e0
Event: 265.760 Thread 0x00000209e7229d20 Thread added: 0x00000209eb3dcce0
Event: 265.760 Thread 0x00000209eb3e48e0 Thread added: 0x00000209eb3d12e0
Event: 265.761 Thread 0x00000209bca23060 Thread added: 0x00000209bd1e0b70
Event: 266.310 Thread 0x00000209bb869800 Thread exited: 0x00000209bb869800


Dynamic libraries:
0x00007ff756240000 - 0x00007ff75624e000 	C:\Users\M7 Surface\AppData\Local\Programs\Microsoft\jdk-25.0.3.9-hotspot\bin\java.exe
0x00007ffaa3990000 - 0x00007ffaa3dc7000 	C:\WINDOWS\SYSTEM32\ntdll.dll
0x00007ffaa1af0000 - 0x00007ffaa1c59000 	C:\WINDOWS\System32\KERNEL32.DLL
0x00007ffa9ef80000 - 0x00007ffa9f659000 	C:\WINDOWS\System32\KERNELBASE.dll
0x00007ffa9ed50000 - 0x00007ffa9ef79000 	C:\WINDOWS\System32\ucrtbase.dll
0x00007ffa961c0000 - 0x00007ffa961d7000 	C:\Users\M7 Surface\AppData\Local\Programs\Microsoft\jdk-25.0.3.9-hotspot\bin\jli.dll
0x00007ffa72ed0000 - 0x00007ffa72f04000 	C:\Users\M7 Surface\AppData\Local\Programs\Microsoft\jdk-25.0.3.9-hotspot\bin\VCRUNTIME140.dll
0x00007ffaa0870000 - 0x00007ffaa0aef000 	C:\WINDOWS\System32\USER32.dll
0x00007ffa9ece0000 - 0x00007ffa9ed41000 	C:\WINDOWS\System32\win32u.dll
0x00007ffa80100000 - 0x00007ffa8056f000 	C:\WINDOWS\WinSxS\arm64_microsoft.windows.common-controls_6595b64144ccf1df_6.0.26100.8875_none_3e0d5ca0e32feb21\COMCTL32.dll
0x00007ffaa0400000 - 0x00007ffaa0465000 	C:\WINDOWS\System32\GDI32.dll
0x00007ffaa3800000 - 0x00007ffaa3948000 	C:\WINDOWS\System32\msvcrt.dll
0x00007ffa9fa20000 - 0x00007ffa9fc04000 	C:\WINDOWS\System32\gdi32full.dll
0x00007ffa9f660000 - 0x00007ffa9f7b9000 	C:\WINDOWS\System32\msvcp_win.dll
0x00007ffa9fce0000 - 0x00007ffa9fd37000 	C:\WINDOWS\System32\IMM32.DLL
0x00007ffa18610000 - 0x00007ffa18764000 	C:\Users\M7 Surface\AppData\Local\Programs\Microsoft\jdk-25.0.3.9-hotspot\bin\msvcp140.dll
0x00007ff9d5430000 - 0x00007ff9d61bf000 	C:\Users\M7 Surface\AppData\Local\Programs\Microsoft\jdk-25.0.3.9-hotspot\bin\server\jvm.dll
0x00007ffaa0e10000 - 0x00007ffaa0f54000 	C:\WINDOWS\System32\ADVAPI32.dll
0x00007ffaa0480000 - 0x00007ffaa05a5000 	C:\WINDOWS\System32\sechost.dll
0x00007ffaa0b00000 - 0x00007ffaa0d03000 	C:\WINDOWS\System32\RPCRT4.dll
0x00007ffaa0d10000 - 0x00007ffaa0de6000 	C:\WINDOWS\System32\WS2_32.dll
0x00007ffa9ea70000 - 0x00007ffa9eaec000 	C:\WINDOWS\SYSTEM32\POWRPROF.dll
0x00007ffa80090000 - 0x00007ffa800f3000 	C:\WINDOWS\SYSTEM32\WINMM.dll
0x00007ffa869f0000 - 0x00007ffa86a06000 	C:\WINDOWS\SYSTEM32\VERSION.dll
0x00007ffa9ea40000 - 0x00007ffa9ea65000 	C:\WINDOWS\SYSTEM32\UMPDC.dll
0x00007ffa9ca80000 - 0x00007ffa9cab1000 	C:\WINDOWS\SYSTEM32\kernel.appcore.dll
0x00007ffa8bd10000 - 0x00007ffa8bd1a000 	C:\Users\M7 Surface\AppData\Local\Programs\Microsoft\jdk-25.0.3.9-hotspot\bin\jimage.dll
0x00007ffa80580000 - 0x00007ffa809bb000 	C:\WINDOWS\SYSTEM32\DBGHELP.DLL
0x00007ffa9fd60000 - 0x00007ffaa03f2000 	C:\WINDOWS\System32\combase.dll
0x00007ffaa05b0000 - 0x00007ffaa0758000 	C:\WINDOWS\System32\OLEAUT32.dll
0x00007ffa832c0000 - 0x00007ffa8332f000 	C:\WINDOWS\SYSTEM32\dbgcore.DLL
0x00007ffa9f910000 - 0x00007ffa9fa0f000 	C:\WINDOWS\System32\bcryptPrimitives.dll
0x00007ffa81a50000 - 0x00007ffa81a5f000 	C:\Users\M7 Surface\AppData\Local\Programs\Microsoft\jdk-25.0.3.9-hotspot\bin\instrument.dll
0x00007ffa85e70000 - 0x00007ffa85e90000 	C:\Users\M7 Surface\AppData\Local\Programs\Microsoft\jdk-25.0.3.9-hotspot\bin\java.dll
0x00007ffaa22f0000 - 0x00007ffaa25a2000 	C:\WINDOWS\System32\ole32.dll
0x00007ffaa25b0000 - 0x00007ffaa3477000 	C:\WINDOWS\System32\SHELL32.dll
0x00007ffa9a9b0000 - 0x00007ffa9bbf4000 	C:\WINDOWS\SYSTEM32\windows.storage.dll
0x00007ffaa10d0000 - 0x00007ffaa12da000 	C:\WINDOWS\System32\SHCORE.dll
0x00007ffaa2220000 - 0x00007ffaa22dc000 	C:\WINDOWS\System32\shlwapi.dll
0x00007ffa9eb80000 - 0x00007ffa9ebcb000 	C:\WINDOWS\SYSTEM32\profapi.dll
0x00007ffa764a0000 - 0x00007ffa764b6000 	C:\Users\M7 Surface\AppData\Local\Programs\Microsoft\jdk-25.0.3.9-hotspot\bin\zip.dll
0x00007ffa85a30000 - 0x00007ffa85a41000 	C:\Users\M7 Surface\AppData\Local\Programs\Microsoft\jdk-25.0.3.9-hotspot\bin\net.dll
0x00007ffa9d370000 - 0x00007ffa9d433000 	C:\WINDOWS\system32\mswsock.dll
0x00007ffa857d0000 - 0x00007ffa857e6000 	C:\Users\M7 Surface\AppData\Local\Programs\Microsoft\jdk-25.0.3.9-hotspot\bin\nio.dll
0x00007ffa894d0000 - 0x00007ffa894e0000 	C:\Users\M7 Surface\AppData\Local\Programs\Microsoft\jdk-25.0.3.9-hotspot\bin\verify.dll
0x00007ffa76330000 - 0x00007ffa76354000 	C:\Users\M7 Surface\.gradle\native\660c5614fbf4a5f2a75b1949f50a0caf5cd603558e7d8a26e50b933a0cfb79d1\windows-aarch64\native-platform.dll
0x00007ffa1a480000 - 0x00007ffa1a4f2000 	C:\Users\M7 Surface\.gradle\native\0.2.8\aarch64-windows-gnu\gradle-fileevents.dll
0x00007ffa85710000 - 0x00007ffa8571a000 	C:\Users\M7 Surface\AppData\Local\Programs\Microsoft\jdk-25.0.3.9-hotspot\bin\management.dll
0x00007ffa83dd0000 - 0x00007ffa83ddb000 	C:\Users\M7 Surface\AppData\Local\Programs\Microsoft\jdk-25.0.3.9-hotspot\bin\management_ext.dll
0x00007ffaa0df0000 - 0x00007ffaa0dff000 	C:\WINDOWS\System32\PSAPI.DLL
0x00007ffa9c2c0000 - 0x00007ffa9c31e000 	C:\WINDOWS\SYSTEM32\IPHLPAPI.DLL
0x00007ffa9fd40000 - 0x00007ffa9fd52000 	C:\WINDOWS\System32\NSI.dll
0x00007ffa81ab0000 - 0x00007ffa81ab8000 	C:\Users\M7 Surface\AppData\Local\Programs\Microsoft\jdk-25.0.3.9-hotspot\bin\extnet.dll
0x00007ffa9d850000 - 0x00007ffa9d880000 	C:\WINDOWS\SYSTEM32\CRYPTSP.dll
0x00007ffa9c9b0000 - 0x00007ffa9ca17000 	C:\WINDOWS\system32\rsaenh.dll
0x00007ffa9d4a0000 - 0x00007ffa9d4ff000 	C:\WINDOWS\SYSTEM32\USERENV.dll
0x00007ffa9eb20000 - 0x00007ffa9eb6d000 	C:\WINDOWS\SYSTEM32\bcrypt.dll
0x00007ffa9d890000 - 0x00007ffa9d8a8000 	C:\WINDOWS\SYSTEM32\CRYPTBASE.dll
0x00007ffa77900000 - 0x00007ffa7790e000 	C:\Users\M7 Surface\AppData\Local\Programs\Microsoft\jdk-25.0.3.9-hotspot\bin\sunmscapi.dll
0x00007ffa9dbc0000 - 0x00007ffa9dc19000 	C:\WINDOWS\SYSTEM32\ncrypt.dll
0x00007ffa9dc20000 - 0x00007ffa9deb9000 	C:\WINDOWS\SYSTEM32\CRYPT32.dll
0x00007ffa9db50000 - 0x00007ffa9dbba000 	C:\WINDOWS\SYSTEM32\NTASN1.dll
0x00007ffa6dc90000 - 0x00007ffa6dca0000 	C:\WINDOWS\system32\wshunix.dll
0x00007ffa9cbe0000 - 0x00007ffa9cc3f000 	C:\WINDOWS\SYSTEM32\ntmarta.dll
0x00007ffa6e080000 - 0x00007ffa6e0ac000 	C:\WINDOWS\system32\napinsp.dll
0x00007ffa6e0c0000 - 0x00007ffa6e103000 	C:\WINDOWS\system32\nlansp_c.dll
0x00007ffa9c330000 - 0x00007ffa9c585000 	C:\WINDOWS\SYSTEM32\DNSAPI.dll
0x00007ffa9d010000 - 0x00007ffa9d02b000 	C:\WINDOWS\SYSTEM32\DSPARSE.dll
0x00007ffa6e110000 - 0x00007ffa6e135000 	C:\WINDOWS\System32\winrnr.dll
0x00007ffa8a750000 - 0x00007ffa8a77e000 	C:\WINDOWS\system32\wshbth.dll
0x00007ffa91b50000 - 0x00007ffa91b65000 	C:\Windows\System32\rasadhlp.dll
0x00007ffa94340000 - 0x00007ffa94423000 	C:\WINDOWS\System32\fwpuclnt.dll
0x00007ffa9e910000 - 0x00007ffa9ea16000 	C:\WINDOWS\system32\apphelp.dll
0x00007ffa767f0000 - 0x00007ffa767f7000 	C:\Users\M7 Surface\AppData\Local\Programs\Microsoft\jdk-25.0.3.9-hotspot\bin\rmi.dll
0x00007ffa18490000 - 0x00007ffa1860b000 	C:\Users\M7 Surface\AppData\Local\Programs\Microsoft\jdk-25.0.3.9-hotspot\bin\awt.dll
0x00007ffa99ba0000 - 0x00007ffa99cba000 	C:\WINDOWS\system32\uxtheme.dll
0x00007ffaa1860000 - 0x00007ffaa1ae9000 	C:\WINDOWS\System32\MSCTF.dll

JVMTI agents:
C:\Users\M7 Surface\.gradle\wrapper\dists\gradle-9.4.1-bin\arn2x92ynaizyzdaamcbpbhtj\gradle-9.4.1\lib\agents\gradle-instrumentation-agent-9.4.1.jar path:C:\Users\M7 Surface\AppData\Local\Programs\Microsoft\jdk-25.0.3.9-hotspot\bin\instrument.dll, loaded, initialized, instrumentlib options:none

dbghelp: loaded successfully - version: 4.0.5 - missing functions: none
symbol engine: initialized successfully - sym options: 0x614 - pdb path: .;C:\Users\M7 Surface\AppData\Local\Programs\Microsoft\jdk-25.0.3.9-hotspot\bin;C:\WINDOWS\SYSTEM32;C:\WINDOWS\WinSxS\arm64_microsoft.windows.common-controls_6595b64144ccf1df_6.0.26100.8875_none_3e0d5ca0e32feb21;C:\Users\M7 Surface\AppData\Local\Programs\Microsoft\jdk-25.0.3.9-hotspot\bin\server;C:\Users\M7 Surface\.gradle\native\660c5614fbf4a5f2a75b1949f50a0caf5cd603558e7d8a26e50b933a0cfb79d1\windows-aarch64;C:\Users\M7 Surface\.gradle\native\0.2.8\aarch64-windows-gnu

VM Arguments:
jvm_args: --add-opens=java.base/java.lang=ALL-UNNAMED --add-opens=java.base/java.lang.invoke=ALL-UNNAMED --add-opens=java.base/java.util=ALL-UNNAMED --add-opens=java.prefs/java.util.prefs=ALL-UNNAMED --add-exports=jdk.compiler/com.sun.tools.javac.api=ALL-UNNAMED --add-exports=jdk.compiler/com.sun.tools.javac.util=ALL-UNNAMED --add-opens=java.base/java.util=ALL-UNNAMED --add-opens=java.prefs/java.util.prefs=ALL-UNNAMED --add-opens=java.base/java.nio.charset=ALL-UNNAMED --add-opens=java.base/java.net=ALL-UNNAMED --add-opens=java.base/java.util.concurrent=ALL-UNNAMED --add-opens=java.base/java.util.concurrent.atomic=ALL-UNNAMED --add-opens=java.xml/javax.xml.namespace=ALL-UNNAMED --add-opens=java.base/java.time=ALL-UNNAMED --enable-native-access=ALL-UNNAMED -XX:MaxMetaspaceSize=2048m -Xmx12288M -Dfile.encoding=UTF-8 -Duser.country=GB -Duser.language=en -Duser.variant -javaagent:C:\Users\M7 Surface\.gradle\wrapper\dists\gradle-9.4.1-bin\arn2x92ynaizyzdaamcbpbhtj\gradle-9.4.1\lib\agents\gradle-instrumentation-agent-9.4.1.jar 
java_command: org.gradle.launcher.daemon.bootstrap.GradleDaemon 9.4.1
java_class_path (initial): C:\Users\M7 Surface\.gradle\wrapper\dists\gradle-9.4.1-bin\arn2x92ynaizyzdaamcbpbhtj\gradle-9.4.1\lib\gradle-daemon-main-9.4.1.jar
Launcher Type: SUN_STANDARD

[Global flags]
     intx CICompilerCount                          = 4                                         {product} {ergonomic}
     uint ConcGCThreads                            = 2                                         {product} {ergonomic}
     uint G1ConcRefinementThreads                  = 9                                         {product} {ergonomic}
   size_t G1HeapRegionSize                         = 8388608                                   {product} {ergonomic}
   size_t InitialHeapSize                          = 268435456                                 {product} {ergonomic}
   size_t MarkStackSize                            = 4194304                                   {product} {ergonomic}
   size_t MarkStackSizeMax                         = 536870912                                 {product} {ergonomic}
   size_t MaxHeapSize                              = 12884901888                               {product} {command line}
   size_t MaxMetaspaceSize                         = 2147483648                                {product} {command line}
   size_t MaxNewSize                               = 7725907968                                {product} {ergonomic}
   size_t MinHeapDeltaBytes                        = 8388608                                   {product} {ergonomic}
   size_t MinHeapSize                              = 8388608                                   {product} {ergonomic}
    uintx NonNMethodCodeHeapSize                   = 5898240                                {pd product} {ergonomic}
    uintx NonProfiledCodeHeapSize                  = 122945536                              {pd product} {ergonomic}
    uintx ProfiledCodeHeapSize                     = 122945536                              {pd product} {ergonomic}
    uintx ReservedCodeCacheSize                    = 251789312                              {pd product} {ergonomic}
     bool SegmentedCodeCache                       = true                                      {product} {ergonomic}
   size_t SoftMaxHeapSize                          = 12884901888                            {manageable} {ergonomic}
     bool UseCompressedOops                        = true                           {product lp64_product} {ergonomic}
     bool UseG1GC                                  = true                                      {product} {ergonomic}
     bool UseLargePagesIndividualAllocation        = false                                  {pd product} {ergonomic}

Logging:
Log output configuration:
 #0: stdout all=warning uptime,level,tags foldmultilines=false
 #1: stderr all=off uptime,level,tags foldmultilines=false

Release file:
IMPLEMENTOR="Microsoft" 
IMPLEMENTOR_VERSION="Microsoft-13945457" 
JAVA_RUNTIME_VERSION="25.0.3+9-LTS" 
JAVA_VERSION="25.0.3" 
JAVA_VERSION_DATE="2026-04-21" 
LIBC="default" 
MODULES="java.base java.compiler java.datatransfer java.xml java.prefs java.desktop java.instrument java.logging java.management java.security.sasl java.naming java.rmi java.management.rmi java.net.http java.scripting java.security.jgss java.transaction.xa java.sql java.sql.rowset java.xml.crypto java.se java.smartcardio jdk.accessibility jdk.internal.jvmstat jdk.attach jdk.charsets jdk.internal.opt jdk.zipfs jdk.compiler jdk.crypto.cryptoki jdk.crypto.ec jdk.crypto.mscapi jdk.dynalink jdk.internal.ed jdk.editpad jdk.internal.vm.ci jdk.graal.compiler jdk.graal.compiler.management jdk.hotspot.agent jdk.httpserver jdk.incubator.vector jdk.internal.le jdk.internal.md jdk.jartool jdk.javadoc jdk.jcmd jdk.management jdk.management.agent jdk.jconsole jdk.jdeps jdk.jdwp.agent jdk.jdi jdk.jfr jdk.jlink jdk.jpackage jdk.jshell jdk.jsobject jdk.jstatd jdk.localedata jdk.management.jfr jdk.naming.dns jdk.naming.rmi jdk.net jdk.nio.mapmode jdk.sctp jdk.security.auth jdk.security.jgss jdk.unsupported jdk.unsupported.desktop jdk.xml.dom" 
OS_ARCH="aarch64" 
OS_NAME="Windows" 
SOURCE=".:git:e2cbfdcb54b3" 

Environment Variables:
PATH=C:/Users/M7 Surface/.gemini/antigravity/bin;C:\Users\M7 Surface\AppData\Roaming\Antigravity\bin;C:\WINDOWS\system32;C:\WINDOWS;C:\WINDOWS\System32\Wbem;C:\WINDOWS\System32\WindowsPowerShell\v1.0\;C:\WINDOWS\System32\OpenSSH\;C:\Program Files\Microsoft SQL Server\170\Tools\Binn\;C:\Program Files\Microsoft SQL Server\Client SDK\ODBC\170\Tools\Binn\;C:\Program Files\dotnet\;C:\Program Files (x86)\Microsoft SQL Server\170\Tools\Binn\;C:\Program Files\Microsoft SQL Server\Client SDK\ODBC\180\Tools\Binn\;C:\Program Files\Microsoft SQL Server\170\DTS\Binn\;C:\Program Files\Calibre2\;C:\Program Files\Git\cmd;C:\Program Files\Microsoft SQL Server\150\Tools\Binn\;C:\Program Files\playit_gg\bin\;C:\Program Files\nodejs\;C:\Users\M7 Surface\AppData\Local\Programs\Microsoft\jdk-25.0.3.9-hotspot\bin;C:\Users\M7 Surface\AppData\Local\Programs\Python\Python312-arm64\Scripts\;C:\Users\M7 Surface\AppData\Local\Programs\Python\Python312-arm64\;C:\Users\M7 Surface\AppData\Local\Programs\Python\Launcher\;C:\Users\M7 Surface\AppData\Local\Microsoft\WindowsApps;C:\Users\M7 Surface\.dotnet\tools;C:\Users\M7 Surface\AppData\Local\Programs\Microsoft VS Code\bin;C:\Users\M7 Surface\AppData\Local\Programs\Antigravity\bin;C:\flutter\bin;C:\Users\M7 Surface\AppData\Local\GitHubDesktop\bin;C:\Users\M7 Surface\.dotnet\tools;C:\Users\M7 Surface\AppData\Local\Programs\cursor\resources\app\bin;C:\Users\M7 Surface\AppData\Roaming\npm;C:\Program Files (x86)\Lightnovel Crawler;C:\Users\M7 Surface\AppData\Local\Programs\Lightnovel Crawler;C:\Users\M7 Surface\AppData\Local\Programs\Lightnovel Crawler
USERNAME=M7 Surface
OS=Windows_NT
PROCESSOR_IDENTIFIER=ARMv8 (64-bit) Family 8 Model 1 Revision 201, Qualcomm Technologies Inc
TMP=C:\Users\M7SURF~1\AppData\Local\Temp
TEMP=C:\Users\M7SURF~1\AppData\Local\Temp




Compilation memory statistics disabled.

Periodic native trim disabled

---------------  S Y S T E M  ---------------

OS:
 Windows 11 , 64 bit Build 26100 (10.0.26100.8875)
OS uptime: 0 days 6:28 hours

CPU: total 10 (initial active 10) 0x00:0x0:0x000:0, asimd, aes, sha1, sha256, crc32, lse
Processor Information for processor 0
  Max Mhz: 3417, Current Mhz: 2976, Mhz Limit: 3006
Processor Information for processor 1
  Max Mhz: 3417, Current Mhz: 2976, Mhz Limit: 3006
Processor Information for processor 2
  Max Mhz: 3417, Current Mhz: 2976, Mhz Limit: 3006
Processor Information for processor 3
  Max Mhz: 3417, Current Mhz: 2976, Mhz Limit: 3006
Processor Information for processor 4
  Max Mhz: 3417, Current Mhz: 2976, Mhz Limit: 3006
Processor Information for processor 5
  Max Mhz: 3417, Current Mhz: 2976, Mhz Limit: 3006
Processor Information for processor 6
  Max Mhz: 3417, Current Mhz: 2976, Mhz Limit: 3006
Processor Information for processor 7
  Max Mhz: 3417, Current Mhz: 710, Mhz Limit: 3006
Processor Information for processor 8
  Max Mhz: 3417, Current Mhz: 710, Mhz Limit: 3006
Processor Information for processor 9
  Max Mhz: 3417, Current Mhz: 710, Mhz Limit: 3006

Memory: 4k page, system-wide physical 15979M (1099M free)
TotalPageFile size 29803M (AvailPageFile size 3587M)
current process WorkingSet (physical memory assigned to process): 8640M, peak: 8664M
current process commit charge ("private bytes"): 8959M, peak: 8965M

vm_info: OpenJDK 64-Bit Server VM (25.0.3+9-LTS) for windows-aarch64 JRE (25.0.3+9-LTS), built on 2026-04-27T16:58:11Z with MS VC++ 17.14 (VS2022)

END.
